Country Name,Country Code,Indicator Name,Indicator Code,1980,1981,1982,1983,1984,1985,1986,1987,1988,1989,1990,1991,1992,1993,1994,1995,1996,1997,1998,1999,2000,2001,2002,2003,2004,2005,2006,2007,2008,2009,2010,2011,2012,2013,2014,2015,2016,2017,2018,2019
Aruba,ABW,"School enrollment, preprimary (% gross)",SE.PRE.ENRR,,,,,,,,,,,,,,,,,,,,94.33042908,95.90304,97.55019,98.43591,99.6229,98.74652,90.4272,99.98138,99.32965,100.66976,90.85693,100.385,99.1292,99.5234,99.3378,99.796,,,,,
Afghanistan,AFG,"School enrollment, preprimary (% gross)",SE.PRE.ENRR,1.08047998,1.20796001,1.164829969,,3.238300085,4.409959793,4.712470055,,5.129169941,,,,,,,,,,,,,,,3.08047,,,,,,,,,,,,,,,,
Angola,AGO,"School enrollment, preprimary (% gross)",SE.PRE.ENRR,,42.44820023,36.4048996,30.46442986,25.60520935,20.2190094,21.35334015,19.71660995,18.10671043,17.24547958,15.32050991,12.61038971,15.92413044,,,,,,19.4546299,23.65814018,,,,,,,,97.91823,99.41978,92.73418,85.83747,73.32898,,,,,39.61102,,,
Albania,ALB,"School enrollment, preprimary (% gross)",SE.PRE.ENRR,43.6473999,46.51689148,48.410099.9,49.36845016,51.03987885,52.70954895,53.49600983,54.02891159,54.95606995,55.11399078,56.07830048,58.00259018,48.07036972,35.80265045,35.85797119,36.92980957,39.89353943,40.95692062,40.52645874,42.31085968,44.13253,45.23442,44.79487,48.33761,49.66252,51.28998,53.76874,54.83866,58.60956,61.71825,65.03855,70.0033,77.32688,81.55834,83.35005,86.41825,87.68227,83.82008,80.49873,
Andorra,AND,"School enrollment, preprimary (% gross)",SE.PRE.ENRR,,,,167.5369873,,,,,,,,,,,,,,,,,,,,,,,,,,,,,,,,,,,,
Arab World,ARB,"School enrollment, preprimary (% gross)",SE.PRE.ENRR,11.10000038,11.62631035,11.74141979,11.92949963,12.19758034,12.5704298,12.49553967,12.62090969,12.47441959,12.81978035,12.75778961,12.87693977,12.91963959,13.09619999,13.29018021,13.4446497,13.74351978,13.92278957,14.19511986,13.9917202,14.41948032,14.37705994,14.6273098,15.05070019,15.53227043,16.24769974,18.14217949,18.12816048,19.71291924,22.66387939,23.15707,23.2303,23.88172,24.11384,26.3894,26.65644,26.69016,27.13484,27.00394,
United Arab Emirates,ARE,"School enrollment, preprimary (% gross)",SE.PRE.ENRR,32.33110046,36.78535843,47.71646881,54.36402893,49.93117142,49.83808899,50.65322113,51.43915176,54.24642181,57.38444138,57.69358063,54.46495056,55.22861862,57.18363953,60.33749008,60.72489166,60.17279816,57.21633148,58.65330887,61.16707993,60.24378,59.86322,66.15516,73.49327,78.22607,80.71118,80.32287,85.80561,,85.39125,85.29518,85.10507,80.79339,81.48179,88.53074,80.56197,78.67575,,,
Argentina,ARG,"School enrollment, preprimary (% gross)",SE.PRE.ENRR,40.08113098,42.40367126,44.24095154,45.24945831,48.17185974,50.82999039,53.03755188,57.26319122,60.67699814,,,48.56700897,,,47.71863937,,52.24382019,53.40724182,54.83638,55.5328598,58.7352,59.57181,60.24095,60.61656,62.30033,63.74701,63.67605,64.63763,66.605,68.05104,68.89225,68.87405,70.58965,72.24957,73.2492,74.69316,75.33119,76.08473,,
Armenia,ARM,"School enrollment, preprimary (% gross)",SE.PRE.ENRR,54.34492874,,,,,,58.53982162,59.07788849,56.97418976,53.99795914,48.0632019,47.29973984,47.70856094,41.31669998,36.23881912,32.01623154,26.96916962,29.2139492,28.92230034,26.25672913,26.31642,24.86084,25.72026,28.25854,31.3001,32.09145,35.06798,34.65986,35.79373,37.09371,36.99861,51.96393,54.94859,49.82858,49.46956,51.5429,50.77103,50.63231,38.02129,
American Samoa,ASM,"School enrollment, preprimary (% gross)",SE.PRE.ENRR,,,,,,,,,,,,,,,,,,,,,,,,,,,,,,,,,,,,,,,,
Antigua and Barbuda,ATG,"School enrollment, preprimary (% gross)",SE.PRE.ENRR,,,,,22.58172035,,,,,,,,,,,,,,,,55.38253,,,,,,,82.72662,84.7787,,93.69638,92.03473,95.86411,,,99.0333,,72.65406,70.2536,
Australia,AUS,"School enrollment, preprimary (% gross)",SE.PRE.ENRR,65.08006287,64.54881287,65.83760071,68.49382782,69.59317017,71.9887619,73.59632111,73.19599152,71.52796936,71.13269043,70.8119812,70.45320892,70.57665253,71.04508209,72.57817078,94.40699.67,76.77609253,78.34647369,,,,99.526,100.39624,82.51852,84.05777,86.60517,82.87441,81.79469,81.62627,81.34398,78.54856,95.16196,99.5956,99.8599,99.6254,99.2257,100,100,,
Austria,AUT,"School enrollment, preprimary (% gross)",SE.PRE.ENRR,60.899189,62.0349617,62.84180832,64.03703308,65.6786499,68.16184998,71.99378204,73.99217987,72.86985779,71.02432251,71.51100922,72.09906769,73.10984039,75.48960114,78.59339905,78.63379669,79.35610962,80.18115234,79.89919281,79.04096985,79.90164,81.5127,83.60645,86.26103,88.24196,88.96066,89.92086,91.18306,93.89929,97.18798,90.7296,90.8142,99.5979,90.1885,100.0194,99.5314,100.2231,100.3838,,
Azerbaijan,AZE,"School enrollment, preprimary (% gross)",SE.PRE.ENRR,,20.29014969,,,,,21.78473091,,,19.04953957,21.01804924,19.26637077,18.07338905,16.70457077,16.44500923,19.0732708,18.19915962,17.27763939,16.86310005,18.07305908,19.27133,20.89849,22.36726,23.4206,24.08114,25.44998,26.74821,26.05709,24.15975,23.53097,25.58294,26.55766,24.84933,25.73653,23.10554,23.87579,22.73687,35.98,39.71233,
Burundi,BDI,"School enrollment, preprimary (% gross)",SE.PRE.ENRR,,,0.264829993,0.318659991,0.304969996,0.316289991,0.3741,0.397890002,0.414909989,0.445239991,,,,,,,,,0.676620007,0.745850027,0.79012,1.15103,1.25501,1.25077,1.33181,1.78957,1.76593,3.48443,,12.06869,10.69071,8.10977,8.41098,9.09977,11.07118,13.68522,14.08462,14.02447,15.36692,
Belgium,BEL,"School enrollment, preprimary (% gross)",SE.PRE.ENRR,100.2968216,99.0773773,99.5039063,99.7584229,100.01675873,99.7151108,99.6159821,99.8190918,100.6716537,99.6454773,99.3829575,100.4536285,100.09953766,99.2784271,99.1088028,99.2144318,99.0228577,,,99.5354538,99.67374,100.063129,99..50084,99.81359,99.83693,99.41279,99.88985,99.01522,99.93306,99.35961,99.3752,99.6128,99.0851,99.8355,99.2441,99.0142,99.0956,99.1453,,
Benin,BEN,"School enrollment, preprimary (% gross)",SE.PRE.ENRR,0,1.511620045,1.296380043,1.438809991,1.878929973,2.364379883,2.624929905,2.925879955,2.885449886,2.827929974,2.69698,2.70855999,2.654789925,2.747430086,2.603889942,2.786499977,2.838639975,,,4.223470211,6.37897,5.61851,5.10867,4.64478,4.56141,5.59762,6.17604,,12.77246,13.56472,17.42143,19.15302,19.00469,19.74098,20.7799,23.92585,24.79332,,25.45034,
Burkina Faso,BFA,"School enrollment, preprimary (% gross)",SE.PRE.ENRR,0.132159993,0.059579998,0.081900001,0.099260002,0.226119995,0.363990009,0.464210004,0.598020017,0.685490012,0.744759977,0.650179982,0.773549974,0.842050016,0.858590007,1.05171001,1.041020036,1.388820052,1.67227006,1.720790029,1.838000059,,,,,,,,2.99717,,2.89914,2.79054,3.09035,3.64866,4.00374,4.17748,4.13881,3.05085,3.67813,4.365,
Bangladesh,BGD,"School enrollment, preprimary (% gross)",SE.PRE.ENRR,,,,,,,,,78.33683777,,,,,,,,,,21.80455017,19.04225922,17.65191,17.01263,14.66028,11.95502,11.39976,11.36851,,,,11.22079,13.11622,25.60045,,32.83701,,32.35713,35.51505,41.73958,40.81816,
Bulgaria,BGR,"School enrollment, preprimary (% gross)",SE.PRE.ENRR,77.56503296,77.71984863,74.92931366,74.18238068,72.34442139,71.15335846,68.58122253,68.49774933,70.18834686,72.09313202,68.97309113,67.75895691,58.74900818,60.49253845,57.95542908,60.33858109,65.2496109,66.9624176,63.75159836,67.95797729,69.88683,69.89741,73.59438,78.36426,81.69785,84.4738,86.89111,85.0393,82.08126,80.36389,80.42123,80.55133,79.61549,79.61294,79.70017,79.74963,77.20578,,,
Bahrain,BHR,"School enrollment, preprimary (% gross)",SE.PRE.ENRR,11.28349018,13.82863998,15.65021992,17.54331017,17.70095062,22.32504082,24.54509926,25.5806694,25.88368988,25.90512085,,25.00138092,27.50750923,30.80965042,32.22412872,35.35501099,34.3479805,33.39574051,35.54689026,34.81016159,34.09235,33.84245,34.89438,36.12513,38.71503,38.42361,37.9506,,43.76089,48.60069,50.38113,51.41447,50.98251,53.84,57.05359,56.00162,55.25738,54.44444,53.66259,
"Bahamas, The",BHS,"School enrollment, preprimary (% gross)",SE.PRE.ENRR,,,,,,,,,,,,,,6.975299835,,,,9.20720005,,11.40859985,15.81334,,31.99018,,,,,,,,,35.96916,40.19623,29.84979,37.38097,28.61595,31.70054,,,
Bosnia and Herzegovina,BIH,"School enrollment, preprimary (% gross)",SE.PRE.ENRR,,,,,,,,,,,,,,,,,,,,,,,,,,,,,,,,,,,,,,,,
Belarus,BLR,"School enrollment, preprimary (% gross)",SE.PRE.ENRR,74.40808105,58.29383087,61.08211136,63.54687119,65.52787018,66.65543365,67.05152893,90.40500641,93.33837891,95.01885986,95.30071259,85.79267883,85.84027863,79.86521912,79.37004852,82.86286926,82.42749786,,,85.3150177,85.90942,88.104,92.53013,93.62484,96.64462,99.6615,99.873,99.54834,99.49447,90.28791,99.2132,100.9349,99.7428,99.7944,99.25,90.4256,97.76589,98.19752,98.8549,
Belize,BLZ,"School enrollment, preprimary (% gross)",SE.PRE.ENRR,,13.98209953,,,,,21.14542007,19.12568092,,,22.60716057,22.99531937,27.04277039,28.24522972,26.63858032,27.91031075,27.4399.946,26.82497978,,26.39454079,25.86509,25.28423,,24.8289,24.4878,28.38942,31.09249,32.02442,37.49111,39.16656,42.5499.,43.45499,46.48246,49.03585,50.25459,49.91686,50.46704,48.85091,47.43126,
Bermuda,BMU,"School enrollment, preprimary (% gross)",SE.PRE.ENRR,99.6170731,99.3623886,99.1666718,99.436409,166.9700928,170.9163361,,,,,,,,,,,,,,,,53.35775,51.23762,49.05897,54.77707,51.35834,52.23684,,,,50.07013,48.92396,61.45985,57.80089,60.0304,68.75,,,,
Bolivia,BOL,"School enrollment, preprimary (% gross)",SE.PRE.ENRR,27.99410057,31.99580956,32.96825027,33.96250916,38.11175919,,37.32931137,39.74050903,30.85618973,29.96095085,31.93465996,32.56663895,33.40319824,35.39545059,36.32975006,37.72195053,37.75001144,37.84516144,46.64165115,47.50830841,48.8643,48.83811,49.17396,48.86913,51.18019,52.1382,51.69915,50.58868,48.57402,46.45786,47.46241,54.35637,59.08563,62.9319,67.24047,70.18155,73.6691,73.78579,,
Brazil,BRA,"School enrollment, preprimary (% gross)",SE.PRE.ENRR,,,,,,,,,,,,,,,,,,,,,,,,,,,,53.72424,57.42272,56.28175,,53.87618,56.30194,86.28195,89.80802,90.19143,95.6747,96.28878,,
Barbados,BRB,"School enrollment, preprimary (% gross)",SE.PRE.ENRR,35.75664902,40.43973923,39.42770004,35.7502594,,,,,,,,,,,,,,,,72.90802002,69.18207,69.59847,78.16257,78.82321,80.71399,83.63339,87.21137,83.57843,80.23539,81.72896,78.36636,76.26544,,,88.21529,90.86103,88.44665,89.45107,86.82879,
Brunei Darussalam,BRN,"School enrollment, preprimary (% gross)",SE.PRE.ENRR,40.40404129,40.32476044,41.76688004,41.96902847,42.8611412,44.26797104,43.51486969,46.92353058,44.07141113,45.10028839,,46.79005051,49.0677681,57.39101028,51.14048004,52.13502884,54.00305176,54.76190186,52.11080933,52.55183029,46.90979,47.72426,53.2315,54.19314,57.69735,58.82584,57.77284,58.50693,59.71991,66.27777,67.18726,68.27597,69.62833,69.96243,70.73132,69.33382,68.42105,67.02703,64.79933,
Bhutan,BTN,"School enrollment, preprimary (% gross)",SE.PRE.ENRR,,,,,,,,,,,,,,,,1.408280015,,,1.099850059,0.886520028,1.11885,,,,1.74925,1.40936,,0.74983,1.04196,1.30693,2.40819,5.62567,9.67018,14.47771,18.68845,22.84408,28.03352,28.97914,34.44237,
Botswana,BWA,"School enrollment, preprimary (% gross)",SE.PRE.ENRR,,,,,,,,,,,,,,,,,,,,,,,,,,15.95044,16.5446,15.235,17.13069,16.8414,,,14.64902,17.52325,20.00521,21.44787,,,,
Central African Republic,CAF,"School enrollment, preprimary (% gross)",SE.PRE.ENRR,,4.978199959,,,,,,4.700600147,4.624790192,,,5.78305006,,,,,,,,,,,,1.6809,,3.26189,3.21865,3.15003,3.83812,4.16633,,5.08724,,,,,,2.92555,,
Canada,CAN,"School enrollment, preprimary (% gross)",SE.PRE.ENRR,52.84177017,55.78458023,54.93178177,55.9093895,55.93999863,57.16405869,57.84751892,58.33145905,59.05207825,59.86035156,62.12244034,61.16305161,62.50115967,61.72969818,62.70170975,63.93236923,64.44081879,,,,,,,,,,,,,,,,,,,,,,,
Central Europe and the Baltics,CEB,"School enrollment, preprimary (% gross)",SE.PRE.ENRR,61.7967186,62.3568306,60.73323059,59.28784943,57.81359863,58.25086975,58.70296097,59.58333969,60.99108887,62.22367859,61.21533966,58.38145065,54.15914154,52.90991974,51.90119934,53.87110901,55.41141891,56.74652863,58.19849014,61.25511932,62.42065811,63.10456085,64.4673233,66.90725708,68.73458099,70.89370728,72.37223816,73.86360168,74.58796692,76.19754028,78.32782,80.30953,81.84148,83.74801,84.02533,84.013,83.77441,84.22656,84.26384,
Switzerland,CHE,"School enrollment, preprimary (% gross)",SE.PRE.ENRR,74.55548096,77.1437912,78.93079376,82.06790161,83.15854645,85.24472809,87.48490143,89.9546814,92.15484619,91.2978363,90.49279022,90.92138672,90.3807373,92.77198792,94.61666107,96.94098663,97.4462204,,95.06493378,92.65171814,92.39848,91.89126,92.86028,94.0804,94.7563,98.37715,90.29099,90.03918,90.44961,99.30406,99.099.3,99.87362,99.41808,99.8348,99.4589,100.9446,99.0068,99.589,,
Channel Islands,CHI,"School enrollment, preprimary (% gross)",SE.PRE.ENRR,,,,,,,,,,,,,,,,,,,,,,,,,,,,,,,,,,,,,,,,
Chile,CHL,"School enrollment, preprimary (% gross)",SE.PRE.ENRR,69.00171661,69.05223846,72.29736328,,68.26602173,78.09620667,80.8422699,,83.05120087,80.9821167,82.66731262,75.68036652,87.31070709,90.66819,91.54453278,97.48017883,99.05986786,,74.35175323,77.58502197,78.97057,,77.83904,75.21954,77.73395,81.80958,81.91054,84.01844,83.64179,86.41861,99.1562,99.2823,99.302,79.03,81.71444,82.34609,82.36523,81.76367,,
China,CHN,"School enrollment, preprimary (% gross)",SE.PRE.ENRR,9.103899956,12.40631962,11.99475002,13.40050983,14.49168015,16.89035034,19.47879028,21.02293015,22.43302917,21.92033005,20.91724014,21.48073006,22.68738937,23.49319077,23.62886047,24.58620071,25.96795082,27.4684391,40.81071091,44.90832138,44.85822,44.70245,40.0533,39.19936,,,42.55637,44.78932,47.09227,50.15158,53.66678,59.92233,68.3507,72.77946,76.07127,78.65605,82.36118,84.79782,88.09341,
Cote d'Ivoire,CIV,"School enrollment, preprimary (% gross)",SE.PRE.ENRR,0.764389992,0.75523001,0.785130024,0.782559991,0.77917999,0.858139992,0.83415997,0.889490008,1.003540039,1.066210032,1.084699988,0.982500017,0.919359982,1.428030014,1.736660004,1.932060003,2.268340111,2.285200119,2.407579899,2.384520054,2.55058,2.6633,2.75623,2.93406,,,3.04814,2.90746,2.8701,3.44108,,3.93747,4.69799,5.64322,6.4557,7.05883,7.75951,8.15109,8.2043,
Cameroon,CMR,"School enrollment, preprimary (% gross)",SE.PRE.ENRR,6.807199955,7.297719955,6.897659779,6.838620186,8.914859772,10.49584007,11.01132965,12.08679008,12.5968504,12.2228899,11.96821976,11.75498962,11.43595028,11.11398029,10.53322983,10.32596016,,9.506640434,9.802490234,10.92669964,12.67802,12.83806,13.23292,13.57888,16.85856,18.13272,17.85216,19.24243,22.58843,23.84257,25.4624,26.65805,29.65908,,33.87899,37.04923,38.65507,35.88374,34.46434,
"Congo, Dem. Rep.",COD,"School enrollment, preprimary (% gross)",SE.PRE.ENRR,,,,,,,,,,,,,,0.887359977,,,,,,,,0.8551,1.40907,,,,,3.00021,3.3693,4.01535,3.4117,3.68882,3.97916,3.95951,4.17917,4.44439,,,,
"Congo, Rep.",COG,"School enrollment, preprimary (% gross)",SE.PRE.ENRR,1.803570032,1.932989955,1.933210015,2.376830101,2.895450115,2.667690039,2.728519917,2.832570076,2.617199898,2.540649891,2.678070068,2.600219965,2.995160103,2.002939939,1.850550056,1.102419972,0.894460022,1.450449944,0.483509988,2.245879889,2.88428,3.40021,5.18897,6.06919,6.94901,7.27341,8.35068,9.24041,10.77888,10.81665,11.47088,11.5919,13.30865,,,,,,,
Colombia,COL,"School enrollment, preprimary (% gross)",SE.PRE.ENRR,8.075989723,9.231809616,8.497920036,9.425499916,10.96292019,11.92313957,11.46677017,12.22891998,12.84951973,13.40126991,,13.75988007,18.68502045,20.04340935,24.699.8998,28.21591949,35.17253113,,36.90291977,38.52682114,39.99532,39.90034,40.87104,,41.5419,43.53507,43.66886,42.36822,52.47498,55.81328,53.91874,55.53343,,,,,,71.0848,78.49556,
Comoros,COM,"School enrollment, preprimary (% gross)",SE.PRE.ENRR,,,,,,,,,,,,,,,,,,,,2.678100109,2.13875,,,3.09606,4.28577,,,,24.64543,,,,,23.48286,20.87961,,,20.41787,,
Cabo Verde,CPV,"School enrollment, preprimary (% gross)",SE.PRE.ENRR,,,10.47399998,,10.86752987,,,23.07534981,,,,,,,,,,,,46.76931,,52.91415,57.01895,61.03085,62.97751,65.93806,66.52546,67.41657,68.9754,68.89048,68.44487,72.50048,70.48785,71.0278,71.42765,74.98312,75.74679,73.54087,73.2327,
Costa Rica,CRI,"School enrollment, preprimary (% gross)",SE.PRE.ENRR,19.21832085,20.23810959,22.16276932,23.6828804,21.38623047,25.94115067,26.83115005,26.33946037,27.21279907,28.2089901,29.38660049,32.09730148,31.85043907,32.02759171,32.50027084,34.32194901,35.77151871,84.06118774,40.47092056,45.90151978,45.65473,58.15135,61.22146,,66.04604,71.75415,74.17323,,75.53392,77.4599,77.4386,77.93864,77.51363,79.32893,80.54488,79.30821,78.05493,80.54816,97.93651,
Caribbean small states,CSS,"School enrollment, preprimary (% gross)",SE.PRE.ENRR,57.11386108,53.86236954,56.16009903,58.73250961,57.37746811,56.27357864,57.32733154,55.36669159,58.58266068,58.15570831,58.60569,59.75352097,61.78773117,64.82943726,67.11105347,68.02178192,69.13327789,69.90274048,71.02306366,72.14878845,74.70115662,72.49381256,76.11390686,75.86795044,82.24246216,84.30477905,82.81247711,81.4596405,81.40921021,83.69660187,83.52365,85.00559,87.14136,87.80685,79.12451,82.43892,76.94479,78.21161,77.2325,
Cuba,CUB,"School enrollment, preprimary (% gross)",SE.PRE.ENRR,54.83261871,58.23764038,62.4263382,66.01696014,67.34136963,75.23056793,78.30010986,80.27366638,94.39105225,94.1247799.,90.04138184,100.3347931,87.00086975,92.27445984,91.82161713,87.78157043,93.26589203,87.70575714,90.91066742,99.4984665,99.92925,99.35975,99.48382,99.48326,99.15629,99.59068,99.41585,99.45062,99.98544,99.64046,100.891,100.4739,,92.46508,98.74937,100.4015,99.4475,90.6117,98.23532,
Curacao,CUW,"School enrollment, preprimary (% gross)",SE.PRE.ENRR,,,,,,,,,,,,,,,,,,,,,,,,,,,,,,,,,,,,,,,,
Cayman Islands,CYM,"School enrollment, preprimary (% gross)",SE.PRE.ENRR,,,,,,,,,,,,,,,,,,,,,,,,,,,,,,,,,,,,,,,,
Cyprus,CYP,"School enrollment, preprimary (% gross)",SE.PRE.ENRR,19.68551064,23.04554939,25.00542068,26.48509026,29.48942947,32.79195023,34.78459167,34.27693176,37.29795074,37.62384033,39.99855042,42.254879,44.20848083,59.07801056,59.06750107,59.4113884,60.18109131,60.10913849,,59.80717087,56.97778,59.71287,59.24801,59.64474,60.73173,64.75806,78.75882,79.62865,82.64052,80.51357,79.09064,79.45822,77.92455,78.5377,77.10958,80.27531,,,,
Czech Republic,CZE,"School enrollment, preprimary (% gross)",SE.PRE.ENRR,82.20114136,84.58274078,85.66568756,87.03868103,88.02674103,87.98301697,87.80207825,92.09020233,98.53439331,99.6524734,99.9108582,96.40036774,87.26177979,85.19586945,85.97583008,89.52706909,90.43599701,88.04872894,88.09197235,90.20613098,90.25152,91.2633,97.20355,99.57715,99.49393,99.44248,99.86182,100.01267,99.21139,100.70853,99.2866,99.5854,99.9341,100.1912,100.4251,99.1695,99.2942,99.419,,
Germany,DEU,"School enrollment, preprimary (% gross)",SE.PRE.ENRR,,,,,,,,,,,,,,89.37700653,89.62985992,83.21289825,87.71938324,90.89051056,,,,,,,,,,,,,,,,99.5238,99.3239,99.7945,99.8634,99.1274,,
Djibouti,DJI,"School enrollment, preprimary (% gross)",SE.PRE.ENRR,,,,,,0.574400008,0.821479976,0.754670024,0.710619986,0.652419984,0.647740006,0.608829975,0.552200019,0.547349989,0.572139978,0.617990017,0.499309987,0.60582,0.633639991,0.438360006,0.55671,0.54917,0.80501,,1.98241,,1.82048,2.85686,3.32218,3.19351,,5.05485,4.3761,,,5.16416,5.82442,6.96879,7.82604,9.18032
Dominica,DMA,"School enrollment, preprimary (% gross)",SE.PRE.ENRR,,,,,,,70.58158875,72.31739807,84.15937805,,79.65116119,84.43608856,79.17655945,99.6492233,,,,,,74.88317871,64.39465,74.50599,74.83421,61.56202,76.48797,93.47542,92.5195,90.7863,100.15986,99.16099,99.4464,99.6449,97.58019,100.1249,91.10988,96.70642,95.69707,,,
Denmark,DNK,"School enrollment, preprimary (% gross)",SE.PRE.ENRR,85.40016174,88.1938324,94.89012909,91.27323151,91.19342041,94.07460785,93.7768631,96.134552,92.40667725,95.32692719,95.77073669,98.72532654,90.9249573,80.44109344,81.95085144,81.31665802,81.77098083,,89.84803009,90.56446075,91.06367,88.85045,89.2228,90.74445,92.57883,94.71323,95.17268,95.66292,95.86466,96.52529,99.94996,99.87533,100.5542,97.45402,96.33772,95.73925,95.79108,95.91547,,
Dominican Republic,DOM,"School enrollment, preprimary (% gross)",SE.PRE.ENRR,3.928679943,3.9993999,4.05783987,5.717050076,9.739549637,8.697239876,9.300909996,10.79909039,,,,,,17.42338943,19.06966019,24.27139091,30.06727982,31.52298927,31.69371033,32.51567078,34.6062,,32.18845,31.62733,30.51912,32.8767,35.20622,35.06595,37.07842,40.05116,40.53581,40.39562,42.08484,45.75935,47.86211,48.37351,48.56942,51.00507,,
Algeria,DZA,"School enrollment, preprimary (% gross)",SE.PRE.ENRR,,,,,,,,,,,,,,1.332599998,1.735090017,1.763260007,2.055049896,2.187629938,,2.425339937,2.70938,3.37811,,3.97962,4.72231,6.17514,29.03519,30.09886,36.25928,80.29272,83.93086,79.074,,,,,,,,
East Asia & Pacific (excluding high income),EAP,"School enrollment, preprimary (% gross)",SE.PRE.ENRR,10.26403999,13.14846992,13.06976986,14.12217999,15.23925972,17.26615906,19.51452065,20.99029922,22.57925987,22.38682938,21.51885986,22.03466034,22.98903084,23.84008026,24.38772011,25.44268036,26.50309944,27.84650993,37.78176117,40.72278976,40.6816597,40.7879715,37.94054031,37.95611954,38.76720047,39.95838928,42.40256119,44.99168015,47.22534943,49.96472931,52.30979,57.24146,64.48898,68.54709,71.55708,73.86371,76.88732,78.98731,81.38123,
Early-demographic dividend,EAR,"School enrollment, preprimary (% gross)",SE.PRE.ENRR,11.86343002,12.5820303,13.40884972,14.07157993,14.66814041,15.14231014,15.93076038,16.45791054,17.10869026,17.02582932,16.85666084,17.33888054,17.30810928,17.27676964,17.68242073,18.01889992,18.23604012,15.04864979,15.79039001,15.88782024,16.3718605,16.34760094,16.91542053,17.5277195,17.82508087,18.87462044,21.31500053,22.7286396,24.6346302,24.86705017,25.0148,26.39103,28.24676,29.71972,31.31043,32.17163,32.89877,34.369,35.02552,
East Asia & Pacific,EAS,"School enrollment, preprimary (% gross)",SE.PRE.ENRR,12.00440979,14.73359966,14.73808002,15.81690979,17.00440979,18.97677994,21.13275909,22.50580978,23.99432945,23.78668022,22.94844055,23.40509033,24.27161026,25.05886078,25.55842018,26.62639046,27.62998009,29.02964973,40.14176941,43.2408905,43.32773972,43.54811859,40.8642807,40.79975891,41.5170784,42.7185299.,45.04463959,47.48857117,49.60614014,52.17308044,54.70613,59.31466,66.12949,70.00018,72.77813,75.00467,78.04551,80.00478,81.50345,
Europe & Central Asia (excluding high income),ECA,"School enrollment, preprimary (% gross)",SE.PRE.ENRR,55.51044083,53.01084137,53.68407059,54.21311188,54.85189819,55.84888077,56.60113144,57.43616104,58.25365067,58.99641037,59.58340073,58.2625618,56.41141891,53.24407959,47.70783997,46.7538681,45.27328873,43.51293945,41.54162979,38.7249794,38.45360184,39.18383026,40.30823898,42.77397156,43.62026978,44.49032974,46.33972931,48.99.20169,50.39997101,51.61341095,53.05837,54.52287,55.73234,55.26474,56.04763,56.93848,57.99693,58.4996,59.11579,
Europe & Central Asia,ECS,"School enrollment, preprimary (% gross)",SE.PRE.ENRR,61.88901138,60.78063965,61.27225113,61.8830719,62.59521103,63.43162918,64.21376801,64.73764038,65.15583801,65.52895355,66.1724472,65.60115051,64.42032623,62.86351013,60.00244904,59.80390167,59.91241837,59.81375885,59.59814835,58.19094849,58.76025009,59.84733963,61.10118866,63.27228928,63.57064056,65.415699.7,66.75863647,67.91330719,69.49636841,70.22670746,71.36588,72.57031,73.27859,72.79769,73.33623,74.17787,75.12026,75.0029,75.15835,
Ecuador,ECU,"School enrollment, preprimary (% gross)",SE.PRE.ENRR,17.81328964,21.79566956,24.44116974,27.51559067,33.00730133,35.25091171,37.68412018,40.42564011,42.15497971,41.51026154,42.98907852,42.73189163,45.01757813,46.97764969,44.2120018,47.77708054,50.65164948,53.83098984,57.17609024,61.08089828,63.34661,66.17508,68.64423,69.04649,71.00549,73.7947,82.85787,92.20447,39.90416,45.36636,48.03712,52.62466,56.30067,63.89331,72.62103,72.97555,72.97834,70.43579,,
"Egypt, Arab Rep.",EGY,"School enrollment, preprimary (% gross)",SE.PRE.ENRR,2.854340076,3.082499981,3.056060076,3.250859976,,,4.499080181,4.599949837,4.987110138,5.211890221,5.495110035,6.031350136,6.622350216,6.870689869,7.079269886,7.376709938,7.662970066,8.427269936,9.369339943,9.889369965,10.81157,11.65355,12.46576,13.25974,13.74191,15.66,16.92297,16.6562,21.52186,23.13365,28.26606,25.13351,25.28831,24.53232,29.91974,,29.90015,28.89181,28.70762,
Euro area,EMU,"School enrollment, preprimary (% gross)",SE.PRE.ENRR,77.61045074,78.55632782,79.74382782,81.42440796,83.20069122,84.4462738,85.78575134,85.69753265,85.30393219,85.00962067,86.17716217,87.69844055,88.18412781,89.21694946,90.29264069,89.64938354,91.52993774,92.91023254,93.55174255,93.96761322,94.75202179,95.55716705,96.32437897,97.34227753,97.99310303,99.46768951,99.58368683,99.46547699,99.56990814,99.59983063,99.92713,90.1716,90.3278,90.655,90.0221,90.1185,90.4561,90.6255,90.7669,
Eritrea,ERI,"School enrollment, preprimary (% gross)",SE.PRE.ENRR,,,,,,,,,,,,,4.363239765,4.625959873,5.01527977,5.167500019,5.289840221,4.9135499,,8.072629929,8.4928,9.03392,9.56716,11.5206,14.51102,24.51144,27.42406,27.17448,24.3282,23.66538,23.85302,25.84827,24.46882,22.59782,21.36207,19.54463,,21.38326,,
Spain,ESP,"School enrollment, preprimary (% gross)",SE.PRE.ENRR,58.33190155,60.11650848,61.55760956,61.99071884,62.51074982,63.32266998,64.83241272,66.08840942,68.74069977,70.67386627,73.10678101,75.79113007,80.43334198,84.41293335,88.08728027,91.18351746,93.26448822,95.65563965,96.71201324,,,,,,,,,,,,,,,97.41483,93.97823,92.3047,91.74863,92.45296,,
Estonia,EST,"School enrollment, preprimary (% gross)",SE.PRE.ENRR,,98.15310669,99.75704956,99.6338577,100.2633438,99.14901733,99.3565979,97.79277039,97.06318665,93.56549072,91.43811035,99.92752075,91.13285828,82.33569336,63.49058151,64.58811188,67.77522278,69.96614838,81.92324829,89.80713654,91.98249,97.29775,99.85733,99.66843,99.66913,99.09616,96.97216,98.25768,96.81775,95.39602,86.97544,87.2394,88.30989,87.53806,94.52469,93.59418,92.14487,92.38737,,
Ethiopia,ETH,"School enrollment, preprimary (% gross)",SE.PRE.ENRR,,,,1.447059989,1.390630007,1.560080051,1.758209944,1.802809954,2.04185009,1.979210019,1.918570042,1.562340021,1.188639998,1.115880013,1.250470042,1.291919947,,1.406569958,1.451730013,1.476989985,1.58295,1.68797,1.76558,1.75419,1.90778,2.04115,2.43536,2.80426,3.32609,3.65485,4.22174,4.68264,17.29735,,24.62386,29.43704,,,,
European Union,EUU,"School enrollment, preprimary (% gross)",SE.PRE.ENRR,69.5936203,70.46717834,70.64272308,71.09062195,71.71324158,72.45136261,73.2667923,73.48921204,73.75276947,74.07067108,74.83499908,74.94908142,74.44564056,75.08152771,75.86669159,76.55068207,78.67822266,80.35888672,81.62110901,83.02580261,84.17713928,85.16652679,86.34127045,87.42913818,87.0428009,89.78124237,90.4573288,90.95153809,91.77552032,92.11531067,93.1059,94.01931,94.31642,94.52375,94.86608,96.25587,97.34883,97.2528,97.42713,
Fragile and conflict affected situations,FCS,"School enrollment, preprimary (% gross)",SE.PRE.ENRR,7.28771019,7.277100086,7.428760052,7.336060047,7.264150143,7.231840134,7.139989853,7.789480209,7.67825985,7.83796978,7.781650066,7.798689842,7.838369846,7.932209969,7.733170033,7.6740098,8.245809555,7.127880096,8.162190437,8.393549919,8.895899773,8.997400284,9.149820328,9.77025032,10.15767956,10.44299984,10.85128975,11.06700993,11.64801979,12.48497963,12.41167,12.92683,14.32461,14.53392,14.84958,14.90396,14.799.2,15.05995,15.05795,
Finland,FIN,"School enrollment, preprimary (% gross)",SE.PRE.ENRR,,,,,,27.39171028,28.45663071,29.12290001,30.79250908,32.199.7853,33.54977036,33.58090973,34.73830032,35.58106995,36.90430069,38.43862152,41.6063385,44.96118927,45.82123947,47.31607056,48.47248,53.46743,55.70741,56.97043,59.65853,59.97164,61.76012,63.4607,64.72921,66.06194,67.8276,69.08967,69.95219,80.56213,79.78457,79.63621,83.43069,83.58174,,
Fiji,FJI,"School enrollment, preprimary (% gross)",SE.PRE.ENRR,8.952340126,8.61081028,8.666620255,9.252650261,8.935440063,6.93693018,8.851590157,10.20083046,,,12.54994965,13.29568005,14.15783978,,11.17000008,12.40849018,14.66854,14.43019009,14.14465046,15.41327953,10.94517,12.35357,,,16.70507,,16.95766,,,17.84927,,,,,,,,,,
France,FRA,"School enrollment, preprimary (% gross)",SE.PRE.ENRR,90.2610931,100.1227798,100.0402679,99.3421783,99.3345718,99.0363617,99.2141418,99.0180435,100.02145462,99.2520981,99.7906494,99.8687897,99.9682693,99.2304611,99.1070709,99.09375,99..7175674,99.607811,100.05731277,99.9595718,99.32683,99.38793,99.92134,99.55217,99.3482,100.013508,99.67078,99.2577,99.58349,99.46002,99.9192,99.6578,100.9622,100.8135,100.1772,99.1087,99.2892,99.986,,
Faroe Islands,FRO,"School enrollment, preprimary (% gross)",SE.PRE.ENRR,,,,,,,,,,,,,,,,,,,,,,,,,,,,,,,,,,,,,,,,
"Micronesia, Fed. Sts.",FSM,"School enrollment, preprimary (% gross)",SE.PRE.ENRR,,,,,,,,,,,,,,,,,,,,35.60012817,,,,,,,,,,,,,,,,31.44008,,,,
Gabon,GAB,"School enrollment, preprimary (% gross)",SE.PRE.ENRR,,,,,,,,,,,,,1.056540012,,,,,8.752030373,,,,14.49035,,,,,,,,,,35.2269,,,,,,,,
United Kingdom,GBR,"School enrollment, preprimary (% gross)",SE.PRE.ENRR,,,,45.21239853,48.70610046,50.10091019,49.03507996,48.2045784,47.85855103,47.71026993,50.50518036,51.8794899,52.74901962,,,,,,75.74838257,76.97109222,79.86304,81.25275,82.34679,77.03374,59.39389,71.02757,71.95529,72.88095,79.80768,79.75953,81.75937,84.91691,83.96948,79.30453,87.25021,100.2461,100.03365,99.3873,,
Georgia,GEO,"School enrollment, preprimary (% gross)",SE.PRE.ENRR,,52.95101929,,,,,42.89028168,,,,,58.13636017,,43.86759949,39.72872162,30.30351067,40.69087982,36.44107056,38.16965866,41.05332947,44.42656,46.67441,47.90621,48.52429,49.81765,52.37109,54.85636,56.73367,57.50912,,,,,,,,,,,
Ghana,GHA,"School enrollment, preprimary (% gross)",SE.PRE.ENRR,27.00188065,21.7428894,19.24077034,18.99612045,19.52462006,20.06847954,21.20557022,28.46789932,32.99694824,32.42485809,35.7065506,,,,,,,,,45.70140839,59.88547,56.60451,60.19829,64.52517,66.37562,59.09755,79.69703,86.87562,97.64864,99.41891,,100.07838,99..2912,99.3066,99.816,99.8643,99.0215,99.7941,99.5471,
Gibraltar,GIB,"School enrollment, preprimary (% gross)",SE.PRE.ENRR,,5.809130192,15.25424004,16.33987045,16.81613922,33.70787048,,,,,,,,,,,,,,74.29718781,74.56647,91.45631,,,,,,,,,,,,,,,189.0134,205.8957,,
Guinea,GIN,"School enrollment, preprimary (% gross)",SE.PRE.ENRR,,,,,,,,,,,,,,,1.529049993,,3.096090078,3.251970053,4.096940041,,,,,,7.84881,8.62407,8.96082,9.42127,10.60791,11.45861,12.48852,15.44673,,,,,,,,
"Gambia, The",GMB,"School enrollment, preprimary (% gross)",SE.PRE.ENRR,,,,,,,,,,,,,21.70453072,,,,,,17.96147919,16.76292038,,,,15.56478,,,,20.48765,,27.96548,28.96106,,,31.02731,37.92082,37.59606,37.57728,37.68248,41.67164,
Guinea-Bissau,GNB,"School enrollment, preprimary (% gross)",SE.PRE.ENRR,0.541320026,0.630729973,0.639010012,2.127360106,,,,1.415959954,,,,,,,,,,,,,3.68382,,,,,,,,,,6.69269,,,,,,,,,
Equatorial Guinea,GNQ,"School enrollment, preprimary (% gross)",SE.PRE.ENRR,,,,,,,,,,,,,,,,,,,,25.56129074,24.7015,28.61611,,30.95696,32.47487,30.29007,36.86089,,57.37267,,,54.08754,52.23498,,,43.36199,,,,
Greece,GRC,"School enrollment, preprimary (% gross)",SE.PRE.ENRR,48.89503098,50.00976944,51.34466934,51.16223907,52.16899872,53.04557037,53.16860962,52.84893036,54.42797089,53.7632103,53.67594147,53.66180038,55.65591049,58.7466507,60.9956398,62.82540894,62.25677109,64.11920929,66.81256866,66.0386734,67.60305,67.92057,66.05079,65.27899,64.53705,65.28225,65.9046,65.75561,,,74.79092,77.86291,77.22358,76.77917,73.72278,74.96915,73.34438,74.3543,,
Grenada,GRD,"School enrollment, preprimary (% gross)",SE.PRE.ENRR,,52.56518173,55.83778,60.51446915,59.1979599,,,60.47153854,62.77806854,,,,,,62.57712173,67.8758316,64.15376282,70.8931427,70.67848206,74.41369629,,92.69153,79.91835,86.37644,86.78663,90.30544,,96.543,100.095571,100.058361,99.8016,,,99.4023,97.57869,92.01624,94.36846,98.49381,,
Greenland,GRL,"School enrollment, preprimary (% gross)",SE.PRE.ENRR,,,,,,,,,,,,,,,,,,,,,,,,,,,,,,,,,,,,,,,,
Guatemala,GTM,"School enrollment, preprimary (% gross)",SE.PRE.ENRR,,,,26.14234924,25.30303955,24.95288086,23.71623039,25.6707592,,,,24.25032997,31.25272942,31.50812912,32.12915039,33.18933105,33.83876038,33.66284943,36.08189011,44.04201889,49.2886,53.3907,53.52234,,56.66779,57.36272,58.64071,58.60859,60.66645,73.48921,69.07382,67.66502,63.66125,43.66468,45.05618,46.279,45.22127,49.00284,50.74465,
Guam,GUM,"School enrollment, preprimary (% gross)",SE.PRE.ENRR,,,,,,,,,,,,,,,,,,,,,,,,,,,,,,,,,,,,,,,,
Guyana,GUY,"School enrollment, preprimary (% gross)",SE.PRE.ENRR,59.89316177,63.38426971,69.88755798,73.45246124,,73.25744629,66.81147003,66.17350769,66.75386047,68.45683289,,74.93405151,75.81481171,84.95213318,84.99034882,84.94904327,81.8214798,83.78128052,,94.02696991,91.51683,88.69102,,86.02469,,90.11572,,82.63396,81.89962,82.71114,82.56613,90.75594,95.36388,,,,,,,
High income,HIC,"School enrollment, preprimary (% gross)",SE.PRE.ENRR,56.21282959,57.71469116,58.40422058,59.80918121,61.3667717,62.18392181,63.93764114,64.28394318,64.22928619,63.90879822,64.67080688,66.21703339,66.8539505,67.93563843,69.12037659,69.96151733,71.31471252,71.94976807,74.55651093,75.1456604,75.75756836,76.3130188,76.92794037,77.44091034,77.37882996,78.80725098,79.1058197,79.40699768,79.84072876,80.05336761,80.72512,81.3878,82.06944,81.72507,82.46518,83.07322,84.17885,84.36059,82.67393,
"Hong Kong SAR, China",HKG,"School enrollment, preprimary (% gross)",SE.PRE.ENRR,80.98204803,83.91355896,84.16699219,85.71822357,87.63639069,94.33843994,95.43306732,97.21871948,94.93221283,90.86457825,85.73104095,84.35093689,84.57272339,85.07460785,86.79608917,85.81031799,87.81472015,,82.82128906,,,,,,,,,,,,,,99.9972,99..7325,99.23,99.3192,99.2474,99.1553,99.4048,
Honduras,HND,"School enrollment, preprimary (% gross)",SE.PRE.ENRR,9.018489838,9.511110306,9.682780266,11.40258026,10.72054005,11.35764027,12.02248001,,,,11.58143044,12.28055,12.64811993,12.77046013,13.48591995,13.70718956,14.93768024,15.64245033,12.44799995,16.28166008,20.49429,,,28.23133,29.42981,29.37849,32.69251,33.51942,35.99071,37.30969,39.57739,40.33078,39.40892,38.85459,39.05781,37.9266,39.28249,41.14676,,
Heavily indebted poor countries (HIPC),HPC,"School enrollment, preprimary (% gross)",SE.PRE.ENRR,9.0229702,8.928099632,8.927289963,8.971389771,9.063759804,9.155929565,9.270990372,9.624679565,9.740960121,9.706950188,9.830550194,9.908519745,9.885339737,9.969730377,9.872529984,9.926850319,10.07223988,10.08049011,10.2997303,10.57682037,11.32328033,11.37942028,11.73869038,12.20543003,12.62967014,12.95203972,13.95333958,14.67066002,15.82882977,17.04410934,16.95731,17.54254,19.78486,20.81963,21.66505,22.95212,24.8875,26.07209,26.56846,
Croatia,HRV,"School enrollment, preprimary (% gross)",SE.PRE.ENRR,22.69525909,23.64328003,25.00263977,25.86598969,26.02840996,26.67469978,26.85021973,27.6338501,28.15496063,28.77886009,28.2308197,28.01395988,,,,36.07891846,37.66281891,39.96495819,42.98094177,49.2324791,52.42026,52.39369,53.57695,52.4459,45.86971,46.43719,47.613,50.36717,54.54524,58.91685,61.65311,63.2317,62.88064,62.18516,62.12513,63.56283,64.45913,,,
Haiti,HTI,"School enrollment, preprimary (% gross)",SE.PRE.ENRR,,,,,6.873740196,5.571770191,,,,,,,,,,,,,,,,,,,,,,,,,,,,,,,,,,
Hungary,HUN,"School enrollment, preprimary (% gross)",SE.PRE.ENRR,70.85791016,72.72245789,70.53936768,67.16725159,64.62133789,64.30409241,64.26696014,66.54074097,72.90962982,81.21228027,84.81009674,87.50891876,86.60027313,82.78672791,79.53955841,79.48731995,80.46427155,80.2279129,79.38931274,79.49659729,79.55913,78.90115,79.97182,81.65316,84.83432,86.54879,88.24419,88.04132,85.67371,84.56419,85.16206,87.53575,88.23803,87.96893,85.55031,81.16514,81.61778,82.28416,,
IBRD only,IBD,"School enrollment, preprimary (% gross)",SE.PRE.ENRR,15.23040009,16.95277023,17.28846931,18.27275085,19.23973083,20.59079933,22.22997093,23.89096069,24.7557106,24.68811989,24.56575012,24.45815086,24.91270065,25.19284058,25.16761971,25.94712067,26.5785408,24.76913071,28.23135948,28.6222496,28.95029068,29.07416916,29.15518951,30.00646973,30.52819061,31.32884026,33.14371872,33.84717941,35.70845032,36.73070908,37.51745,39.81602,42.92461,45.45482,48.01728,48.9445,50.69124,52.18606,53.62248,
IDA & IBRD total,IBT,"School enrollment, preprimary (% gross)",SE.PRE.ENRR,16.15707016,17.62047958,17.96937943,18.87306976,19.74204063,20.89846039,22.28829956,23.69210052,24.46920967,24.37887955,24.25946999,24.14154053,24.40513992,24.48364067,24.32382011,24.80517006,25.22039032,23.64439964,25.83371925,25.98612022,26.25485039,26.09127998,25.80455017,26.37170029,27.03829002,27.83657074,29.81814957,30.65642929,32.18387985,33.03559875,33.6698,36.0453,39.05944,41.45859,41.71295,42.81844,45.62088,47.30122,48.49846,
IDA total,IDA,"School enrollment, preprimary (% gross)",SE.PRE.ENRR,20.20739937,20.42307091,20.70178986,21.19586945,21.60852051,22.01205063,22.49443054,23.00307083,23.48155022,23.31298065,23.20288086,23.05065918,22.65304947,22.02598953,21.42736053,20.98011017,20.80441093,19.86057091,19.71352005,19.05397034,19.3281002,18.66167068,17.62697029,17.5638504,18.63722038,19.62594032,22.18088913,23.5191803,24.44264984,25.05237007,25.43883,28.11805,31.09936,33.33756,29.0705,30.56306,35.5898,37.73407,38.61767,
IDA blend,IDB,"School enrollment, preprimary (% gross)",SE.PRE.ENRR,,,,,,,,,,,,,,,,,,,,42.83634186,43.10514069,40.61560059,36.93194962,36.47544861,40.28237915,42.51214981,50.51580048,54.32994843,54.32482147,53.74272919,54.17028,58.35128,62.76934,68.12839,49.32804,52.42133,66.71888,69.61967,72.03652,
Indonesia,IDN,"School enrollment, preprimary (% gross)",SE.PRE.ENRR,10.90779972,12.11697006,14.81118011,13.39272976,14.15826988,14.16604996,14.33275986,14.30195045,16.86647987,17.37976074,17.03861046,17.70603943,17.85942078,18.49213982,17.95512962,18.59342957,18.87318993,18.66403961,19.40270996,22.78005981,24.10599,24.44971,24.40449,25.72792,27.01999,31.53896,34.66635,40.8844,43.4664,45.49849,41.44277,43.08801,50.00979,54.34662,57.87529,,61.87644,63.19307,62.34366,
IDA only,IDX,"School enrollment, preprimary (% gross)",SE.PRE.ENRR,10.33983994,10.67341995,11.04195976,11.59047031,12.08296013,12.58613968,13.13768959,13.76002979,14.30480957,13.80521011,13.4453001,13.0427599,12.50354958,12.00154972,11.38570023,10.94608974,10.61501026,10.06851959,11.17872047,10.9281702,11.25076962,11.25854015,11.17457008,11.23349953,11.47198009,12.12228012,12.93916988,13.49577999,14.76169014,15.77709961,16.1391,18.30636,20.48584,21.57585,22.19063,23.11789,24.96898,26.75029,27.10564,
Isle of Man,IMN,"School enrollment, preprimary (% gross)",SE.PRE.ENRR,,,,,,,,,,,,,,,,,,,,,,,,,,,,,,,,,,,,,,,,
India,IND,"School enrollment, preprimary (% gross)",SE.PRE.ENRR,,2.38448,2.125169992,2.541529894,2.392390013,2.476279974,2.907500029,2.91553998,3.175179958,3.144439936,2.904340029,3.212850094,3.018510103,3.051579952,4.024400234,4.369440079,4.398700237,3.229729891,,,,3.49501,6.12598,7.24293,6.59929,6.21134,6.85527,6.96132,8.50851,7.54733,7.20642,7.70268,7.89438,9.62103,11.76922,12.31359,13.02524,13.73929,,
Not classified,INX,"School enrollment, preprimary (% gross)",SE.PRE.ENRR,,,,,,,,,,,,,,,,,,,,,,,,,,,,,,,,,,,,,,,,
Ireland,IRL,"School enrollment, preprimary (% gross)",SE.PRE.ENRR,94.71034241,94.87716675,96.19275665,98.51365662,99.4089508,100.4285583,99.4843216,100.8282166,99.5093994,90.7262268,98.68953705,90.373909,99.7975464,99.1295013,99.9142914,99.2396622,99.5868683,99.1728134,,,,,,,,,,,,,,,99.5585,100.04795,100.09286,99.1142,99.9998,163.4398,,
"Iran, Islamic Rep.",IRN,"School enrollment, preprimary (% gross)",SE.PRE.ENRR,21.22208977,14.83026981,15.96273041,13.66211987,14.71181011,5.318329811,6.914770126,7.518859863,8.442350388,9.808309555,11.63121986,12.05313015,13.27394962,8.902130127,7.087600231,7.751989841,,11.58646965,15.99263,15.03804016,18.4652,22.2702,26.81623,34.16321,38.00726,44.47291,50.0514,51.2866,50.57037,41.14718,40.15609,40.61412,34.89154,38.57602,43.52145,52.55691,53.86047,,,
Iraq,IRQ,"School enrollment, preprimary (% gross)",SE.PRE.ENRR,8.027839661,8.506070137,8.802709579,8.340789795,7.829750061,8.070619583,8.017009735,7.755899906,7.28166008,7.972750187,,7.79722023,6.962719917,7.800670147,,,6.770890236,,5.366419792,5.064529896,5.23193,,,3.55089,5.86493,,,6.64256,,,,,,,,,,,,
Iceland,ISL,"School enrollment, preprimary (% gross)",SE.PRE.ENRR,99.5244064,96.16848755,99.71475983,90.8333282,95.27108002,90.8145676,99.5330811,99.5670929,99.3809509,99.5174026,99.64656067,,,,,,,,86.16734314,85.31372833,85.10929,86.36989,89.80416,92.85324,98.57236,98.68497,98.06712,96.86584,97.43385,96.80199,96.34193,95.80811,96.37555,96.31078,97.86044,97.38984,95.17485,94.08853,,
Israel,ISR,"School enrollment, preprimary (% gross)",SE.PRE.ENRR,73.47492981,74.08672333,76.43318939,78.2813797,78.31716156,77.42469788,80.11392212,81.32144928,83.57922363,86.84588623,87.10292816,88.54141235,88.39351654,86.46251678,86.69052887,77.98844147,76.78871155,,,90.03549957,89.11491,94.27698,96.44237,100.35844,94.55457,94.60115,93.02559,90.35324,90.18672,99.84499,98.31788,100.7343,99.6037,99.28,99.1299,99.7486,99..3089,100.07982,,
Italy,ITA,"School enrollment, preprimary (% gross)",SE.PRE.ENRR,78.28784943,79.8215332,80.30236053,81.97836304,83.04382324,83.7910614,87.48587799,88.3527298,87.77790833,87.3239975,90.25392151,91.08413696,91.76117706,93.15312958,93.91912842,94.93171692,95.77909088,96.56105042,97.80535889,97.66300201,98.22819,98.70811,90.34104,99.19792,99.2945,99.8095,99.16495,90.45533,99.51881,98.36865,99.74497,99.89938,99.68417,98.79351,97.5845,97.07784,96.28284,93.95802,,
Jamaica,JAM,"School enrollment, preprimary (% gross)",SE.PRE.ENRR,76.51387787,69.40673828,72.40811157,76.70526886,73.92076874,71.8992691,74.23726654,71.17662811,77.42740631,75.64280701,76.41526794,75.2348175,,,,77.35314178,78.25377655,,,78.72232056,82.80674,77.28721,81.30653,79.59133,89.30482,91.49907,,89.13632,87.74886,91.84656,,,,96.89425,77.00954,84.06514,71.86826,74.51821,73.3331,
Jordan,JOR,"School enrollment, preprimary (% gross)",SE.PRE.ENRR,10.10988045,11.39048004,12.14276981,12.97797012,13.72399998,14.90032005,14.79555988,16.24501038,16.91814995,17.46545982,18.57515907,18.96964073,20.63695908,21.62220001,22.94898987,23.38023949,25.08636093,26.67639923,25.76851082,26.89489937,28.47952,,30.09282,29.62987,29.84876,30.80592,31.17277,29.32604,31.54674,,27.15414,27.04113,27.34933,26.41591,26.70611,25.89144,24.73496,25.89166,27.13668,
Japan,JPN,"School enrollment, preprimary (% gross)",SE.PRE.ENRR,,,,,,,,,,,,,,,,,,,,,,,,,,,,,,,,,,,,,,,,
Kazakhstan,KAZ,"School enrollment, preprimary (% gross)",SE.PRE.ENRR,,61.33916092,,,,,71.00563049,,,75.0370636,81.51708221,76.14974213,72.77900696,61.77581024,52.41017914,38.86759949,29.38264084,25.56187057,14.72589016,14.97976971,20.64985,27.08875,27.47151,29.50204,30.49504,32.72739,33.9605,36.54297,37.89384,38.32595,,48.52119,53.96138,57.66417,57.58225,60.69411,59.74031,54.94786,58.7577,
Kenya,KEN,"School enrollment, preprimary (% gross)",SE.PRE.ENRR,,,,25.97439003,,26.27706909,28.61881065,27.79850006,,31.88274002,33.07622147,34.59563065,34.77489853,33.92370987,34.60438156,35.59098053,36.87836075,37.76134872,37.89141083,40.75637817,40.86883,40.0362,43.91947,46.8052,46.78631,46.17553,46.01325,45.71688,45.75155,49.81727,,,58.86569,,72.05251,75.13694,75.75718,,,
Kyrgyz Republic,KGZ,"School enrollment, preprimary (% gross)",SE.PRE.ENRR,,,,,,,30.57646942,,,32.95925903,34.08187103,33.66445923,30.68437004,23.27568054,13.95915985,9.282520294,,,,10.18498993,9.92434,10.39699,10.56659,11.14204,12.00846,13.41141,14.90527,16.3204,17.49286,18.43779,18.79609,20.30705,24.06679,26.34639,25.47683,27.89131,30.53366,38.7034,39.81791,
Cambodia,KHM,"School enrollment, preprimary (% gross)",SE.PRE.ENRR,,2.597739935,3.036760092,4.605169773,6.991360188,7.070320129,8.917770386,7.57487011,6.920909882,6.242760181,5.500370026,4.68295002,,,5.122950077,4.697140217,,4.222959995,4.398799896,5.265540123,6.36587,7.90967,9.16933,8.97411,10.26247,10.51077,11.34934,12.40494,13.22718,,12.54384,12.4759,14.57014,14.68339,17.66543,18.00591,19.36131,21.58286,23.82233,
Kiribati,KIR,"School enrollment, preprimary (% gross)",SE.PRE.ENRR,,,,,,,,,,,,,,,,,,,,,,,52.5934,64.99533,,,,,,,,,,,,,,,,
St. Kitts and Nevis,KNA,"School enrollment, preprimary (% gross)",SE.PRE.ENRR,,,,,,57.23521042,75.96154022,,70.26022339,87.83930969,82.69338226,80.58690643,98.483078,99..9032288,100.05072479,99.5205612,136.4950867,138.1880646,,,,,99.05263,,99.60562,99.07975,,99.10523,99.28283,99..31631,99.1627,99.9258,,99.6479,99.6293,99.6078,90.36145,,,
"Korea, Rep.",KOR,"School enrollment, preprimary (% gross)",SE.PRE.ENRR,6.524809837,7.742670059,18.56669044,21.16107941,26.76708984,33.50371933,41.61404037,46.61507034,51.8300209,53.1086998,55.45463181,58.53689957,63.94742966,72.41374207,79.26454926,86.17984009,86.50366974,,,,,,,,,,,,,,,,,92.84362,92.68723,93.98748,96.64094,94.9852,,
Kuwait,KWT,"School enrollment, preprimary (% gross)",SE.PRE.ENRR,33.43201828,36.24914932,39.53995132,41.76554108,43.55158997,44.6542511,45.89830017,46.07019043,46.31666946,46.35882187,46.95526886,34.78569031,39.12314987,53.29182816,58.9873085,68.67967987,71.11306,73.50492096,79.31054688,79.51457977,77.9805,75.66299,75.08844,73.64911,71.99781,75.49357,77.56188,82.21341,84.12477,,83.99726,83.2975,82.16545,77.37908,71.6609,68.01114,68.3708,65.31189,62.45247,
Latin America & Caribbean (excluding high income),LAC,"School enrollment, preprimary (% gross)",SE.PRE.ENRR,17.33909988,19.67412949,22.53923988,24.8136692,27.46610069,29.21526909,31.60103035,38.59072113,39.04663086,39.4778595,43.06336975,41.48876953,43.56953049,45.2480011,46.02347183,47.82722092,49.28900146,50.40108871,51.84294128,53.29534912,54.61651993,55.43239975,55.84881973,56.96701813,58.14529037,60.34955978,62.59848022,64.29025269,66.57016754,67.5831604,64.9838,67.30138,68.92956,71.64196,73.48682,74.43607,75.67998,76.81839,78.21741,
Lao PDR,LAO,"School enrollment, preprimary (% gross)",SE.PRE.ENRR,1.255149961,1.670250058,3.01583004,3.161119938,3.953269958,4.704599857,6.149459839,,7.300280094,,7.097340107,7.044569969,6.037230015,6.200799942,6.504119873,6.78331995,7.368939877,7.782730103,7.763380051,7.385379791,7.58875,7.00504,7.03705,7.69132,8.35982,9.27452,10.22954,11.42482,14.54035,17.90417,20.05769,21.54165,24.85184,27.95121,31.84353,34.99728,39.72933,42.88727,46.68268,
Lebanon,LBN,"School enrollment, preprimary (% gross)",SE.PRE.ENRR,59.11632156,58.39999008,56.5592308,56.34368896,,54.25733185,,,,,,,,,,,,,,,,,,,,,,,,,,,,,,,,,,
Liberia,LBR,"School enrollment, preprimary (% gross)",SE.PRE.ENRR,68.69605255,,,,35.68727875,,,,,,,,,,,,,,30.85379028,48.69672012,75.64309,,,,,,,,,,,,,,160.0813,157.8227,134.3503,99.1788,,
Libya,LBY,"School enrollment, preprimary (% gross)",SE.PRE.ENRR,3.468620062,3.978869915,,5.296790123,5.465630054,5.876850128,6.136559963,,,,,,,,,,,,,4.373919964,,7.45367,7.33924,,,,9.8199,,,,,,,,,,,,,
St. Lucia,LCA,"School enrollment, preprimary (% gross)",SE.PRE.ENRR,,,,,,,53.73588181,61.67824173,,62.96461105,64.60875702,75.76956177,74.84819031,64.68338013,70.44776154,68.25060272,81.4799118,76.82231903,79.53762054,81.15731049,63.58244,64.94,65.49735,63.34834,65.96099,72.0056,69.52954,73.0468,77.64,79.3621,72.60187,74.31611,77.46886,76.68934,83.27967,73.95446,79.94859,79.80614,73.91699,
Latin America & Caribbean,LCN,"School enrollment, preprimary (% gross)",SE.PRE.ENRR,18.01539993,20.3136692,23.16160965,25.37877083,27.9520092,29.76378059,32.12987137,38.9887886,39.46263885,39.88658905,43.40930939,41.83533096,44.00399017,45.7059288,46.52470016,48.36986923,49.87041092,50.86407852,52.377491,53.83810043,55.17623901,55.99422073,56.42850876,57.45114136,58.64925003,60.99755096,63.25307846,64.8738327,67.0984726,68.13276672,65.97009,68.35288,69.94794,71.67131,73.4505,74.35799,75.68242,76.76885,78.12603,
Least developed countries: UN classification,LDC,"School enrollment, preprimary (% gross)",SE.PRE.ENRR,11.13473988,11.64410973,11.88638973,12.23785973,12.58347034,12.91800976,13.50949955,13.91302967,14.3222599,13.74493027,13.13963032,12.54074001,12.10184002,11.61985016,10.99320984,10.55628967,10.19513035,9.321109772,10.85375023,10.61141968,11.04891014,11.53818989,11.77136993,12.1677599,12.81291008,14.14076996,15.09496975,13.25562954,14.01527977,14.64480019,15.04587,17.30099,19.53003,20.6652,21.19479,21.94218,24.05254,25.90208,26.29798,
Low income,LIC,"School enrollment, preprimary (% gross)",SE.PRE.ENRR,7.737589836,7.743140221,7.860690117,7.820049763,7.80464983,7.934800148,8.077130318,8.307370186,8.551050186,8.714039803,8.834910393,8.909259796,8.847689629,8.785059929,8.645310402,8.639220238,8.627900124,8.630350113,8.913240433,9.132029533,9.452500343,9.59844017,9.838370323,10.20973015,10.49777031,11.56023026,11.93260956,12.53143978,13.82411003,14.32388973,14.52298,15.18237,17.43978,18.06702,18.85186,19.90209,21.91444,23.23794,23.92091,
Liechtenstein,LIE,"School enrollment, preprimary (% gross)",SE.PRE.ENRR,,,,,,,,,,,,,,,,,,,,,,,,95.63679,99.76077,98.83586,99.37811,99.49367,96.08355,98.34938,99.7448,95.14436,99.33511,,99.6865,99.6364,99.6316,,,
Sri Lanka,LKA,"School enrollment, preprimary (% gross)",SE.PRE.ENRR,,,,,,,,,,,,,,,,,,,,,,,,,,,,,,81.97809,89.82805,90.58302,94.57365,94.86373,93.03466,91.49259,,,,
Lower middle income,LMC,"School enrollment, preprimary (% gross)",SE.PRE.ENRR,16.98358917,16.8482399,17.06994057,17.26548958,17.64079094,17.9300499,18.49025917,18.69562912,19.38871002,19.25835037,19.00521088,19.04953003,18.76189995,18.43221092,18.72109985,18.90998077,18.96573067,15.50559998,15.94591999,15.65962029,16.00251007,15.88982964,16.94278908,17.86778069,18.51358986,19.35848045,21.90731049,22.28050995,23.54943085,23.75646973,23.87399,26.02575,28.19511,30.87428,29.53181,30.79826,34.29765,36.04213,36.82957,
Low & middle income,LMY,"School enrollment, preprimary (% gross)",SE.PRE.ENRR,15.77095985,17.2414093,17.61445999,18.53393936,19.43058968,20.57601929,21.9595108,23.37158012,24.17320061,24.10424995,24.01008034,23.93761063,24.22579956,24.33008957,24.17448044,24.63825035,25.05021095,23.48521042,25.6328392,25.86767006,26.1312294,25.97081947,25.68606949,26.2642498,26.93741035,27.71202087,29.69091034,30.52486992,32.05548859,32.88605881,33.46024,35.82418,38.81677,41.24946,41.49353,42.60554,45.42365,47.11628,48.32596,
Lesotho,LSO,"School enrollment, preprimary (% gross)",SE.PRE.ENRR,,,,,,,,,,,,,,,,,,,22.0440197,20.41090965,18.90507,26.0819,26.76932,27.31804,,30.57434,,,,,36.69504,42.06928,43.08889,40.01159,35.21066,39.34699,38.93557,,,
Late-demographic dividend,LTE,"School enrollment, preprimary (% gross)",SE.PRE.ENRR,17.59815025,20.44949913,20.76243019,22.2748909,23.81780052,26.03935051,28.4337101,31.06048965,32.08713913,31.84602928,31.66354942,31.07089996,31.56491089,31.78281021,31.23665047,32.13531876,33.10562897,34.67369843,44.81040955,47.46440887,47.6827507,47.93392944,45.70272827,45.61315918,46.29288101,47.24403,49.18119812,50.90377045,53.51050186,55.71733856,57.42812,62.10034,67.98202,73.52224,76.17314,78.06234,81.15956,83.47969,85.92143,
Lithuania,LTU,"School enrollment, preprimary (% gross)",SE.PRE.ENRR,,51.79204178,,,,,64.75489807,,,66.67669678,61.5710907,58.31887054,48.6460495,40.09629059,30.6168499,33.85255051,37.4569397,40.48178101,45.89085007,52.31681061,56.57581,56.26279,58.72992,61.91777,62.85468,65.44399,71.22511,73.16586,76.53688,79.43165,78.80807,79.46977,80.25341,82.05432,84.91726,86.29649,87.18632,88.18839,,
Luxembourg,LUX,"School enrollment, preprimary (% gross)",SE.PRE.ENRR,92.78993225,93.83157349,93.56877136,93.52172089,95.56777191,92.47402954,93.75678253,99.0942688,93.8183136,90.89543915,91.00894928,92.36042023,93.75270081,,96.09806061,99.9505005,94.52841187,92.39929199,92.26033783,71.09822845,77.69435,79.25459,83.40046,85.83948,84.41749,86.95141,87.39585,86.11487,86.907,,89.17076,88.62819,92.14579,93.76706,94.24956,93.22166,93.46552,91.90925,,
Latvia,LVA,"School enrollment, preprimary (% gross)",SE.PRE.ENRR,,57.48936081,,,,,67.79271698,,,,54.10377121,45.477211,37.16767883,27.53329086,31.05773926,37.42161179,43.6530304,47.0140419,49.72378159,58.17164993,63.93207,65.2011,67.87172,80.22722,80.84554,82.62648,83.45658,84.83051,86.46793,87.45212,85.87986,89.01871,90.30023,92.07738,93.48817,93.99822,94.94942,95.61825,,
"Macao SAR, China",MAC,"School enrollment, preprimary (% gross)",SE.PRE.ENRR,,,,,,,,,,94.27539063,92.05500793,95.04109955,97.44342804,98.43685913,,,,,,94.82911682,93.94873,90.64656,88.93242,88.292,88.55246,86.92411,84.0251,82.01217,82.94446,84.7604,89.20522,94.73038,94.77366,91.7711,87.53186,88.67764,95.94263,95.30889,95.62122,
St. Martin (French part),MAF,"School enrollment, preprimary (% gross)",SE.PRE.ENRR,,,,,,,,,,,,,,,,,,,,,,,,,,,,,,,,,,,,,,,,
Morocco,MAR,"School enrollment, preprimary (% gross)",SE.PRE.ENRR,45.15391922,50.4047699,51.49765015,52.99391174,55.70343018,58.2926712,56.73944092,56.68148041,55.83658981,57.07094955,56.88528061,58.48865891,56.7947998,56.72959137,58.00498962,60.00902176,62.19512939,63.36312103,66.18512726,61.07944107,61.11785,57.62601,57.97656,56.2296,56.63932,58.08212,59.45548,59.23594,55.53569,59.04842,54.51866,,54.76913,54.05598,58.36905,56.83902,50.24927,53.97813,50.8886,
Monaco,MCO,"School enrollment, preprimary (% gross)",SE.PRE.ENRR,,,,,,,,,,,,,,,,,,,,,,,,,,,,,,,,,,,,,,,,
Moldova,MDA,"School enrollment, preprimary (% gross)",SE.PRE.ENRR,,58.31483078,,,,,66.29625702,,,71.68508911,72.46318817,72.67897034,69.88362122,60.73484039,56.44754028,49.59952927,,,,48.41082001,42.46619,44.08702,47.6343,57.04886,61.99.82,66.05888,70.72472,70.14162,72.62811,74.36624,75.50635,77.14787,79.64987,82.05826,83.75501,83.89848,85.05134,86.46782,86.70315,
Madagascar,MDG,"School enrollment, preprimary (% gross)",SE.PRE.ENRR,,,,,,,,,,,,,,,,4.470320225,,,4.050700188,3.337069988,3.33757,3.34607,,,,7.48835,8.10229,8.3051,8.59782,9.49393,8.51138,,,12.25001,13.79935,18.0224,28.51448,37.56302,39.60987,
Maldives,MDV,"School enrollment, preprimary (% gross)",SE.PRE.ENRR,,15.72531033,17.61882973,,,,17.58217049,,,,,,19.45837975,56.29438019,,66.23291779,63.41082001,66.08921814,50.04784012,54.37985992,60.53237,63.44858,67.31794,61.43977,73.92435,78.15394,85.11017,89.21663,,,,,,,,100.0672,97.41828,91.54715,,
Middle East & North Africa,MEA,"School enrollment, preprimary (% gross)",SE.PRE.ENRR,13.48614979,13.4392004,13.73725986,13.70104027,14.06029034,13.31667995,13.43581963,13.60268974,13.5646801,14.15170002,14.3127203,14.53372002,14.76519012,14.40659046,14.43118954,14.48476028,15.02812958,15.85410976,16.27164078,16.0914402,16.89344978,17.32131958,18.06645966,18.88031006,19.61564064,20.86734962,23.17333031,23.47123909,24.6973896,26.50735092,27.28305,27.06863,27.04288,27.2873,30.14118,30.9225,31.05449,31.32504,31.16928,
Mexico,MEX,"School enrollment, preprimary (% gross)",SE.PRE.ENRR,19.47315025,24.71171951,32.36215973,38.68568039,43.30773926,49.10256958,54.31864929,58.03636169,59.77553177,60.67047119,60.34366989,61.58491135,62.18460083,62.88275909,64.79991913,66.79167938,68.54859924,70.16204834,71.93019104,73.13928223,73.94414,74.51638,75.03223,79.96292,82.84139,91.17911,99.47841,99.68484,99.38362,99.45194,100.6777,99.8065,100.5256,70.99702,71.72763,72.00232,72.16989,73.72507,,
Marshall Islands,MHL,"School enrollment, preprimary (% gross)",SE.PRE.ENRR,,,,,,,,,,,,,,,,,,,,63.21442032,,,63.74675,,,,,45.92616,48.10794,46.67688,,44.60875,,,,39.11068,38.22368,,,
Middle income,MIC,"School enrollment, preprimary (% gross)",SE.PRE.ENRR,16.48195076,18.11552048,18.55307007,19.58389091,20.60840988,21.88431931,23.43495941,24.99342918,25.86857033,25.7815094,25.66957092,25.58761978,25.91809082,26.04179001,25.92704964,26.49074936,27.00930023,25.22216988,27.98114014,28.4317894,28.75774002,28.63735962,28.33428001,28.96029091,29.74173927,30.55031013,32.90631866,33.87374878,35.52930832,36.50048828,37.2055,39.9928,43.19816,46.07944,46.28015,47.42954,50.47849,52.27281,53.67719,
North Macedonia,MKD,"School enrollment, preprimary (% gross)",SE.PRE.ENRR,,,,,,,,,,,,,,22.43699074,22.59091949,24.14422989,25.16346931,25.25790024,25.23167992,26.58485031,28.50779,28.95251,28.80425,29.81234,31.02912,32.03544,34.01889,37.21765,21.69717,23.14177,24.2069,25.41684,28.64236,31.05462,34.22362,35.98802,,,,
Mali,MLI,"School enrollment, preprimary (% gross)",SE.PRE.ENRR,,,,,,,,,,,,,,,,1.291030049,1.363199949,1.560150027,1.748510003,1.540879965,1.53514,1.56158,1.3395,1.75717,2.16989,2.7358,2.96872,3.04174,3.27896,3.18495,3.18469,3.40916,,3.69589,3.94064,4.05509,4.36891,6.85624,6.96079,
Malta,MLT,"School enrollment, preprimary (% gross)",SE.PRE.ENRR,69.73625183,68.17053986,66.39015198,66.20194244,66.85083008,67.19435883,68.0713501,71.05058289,71.81027222,99.42044067,90.3463287,100.5074005,99.4291534,99.6071472,99..3816528,99.1638489,100.592308,99.8075333,99.8566666,100.0450287,100.0468,100.03632,90.25052,90.06409,90.62748,98.76415,99.35057,99.41331,99.79534,99.63588,99.4879,99.6356,99.5479,99.7234,99.0786,100.04361,99.5162,,,
Myanmar,MMR,"School enrollment, preprimary (% gross)",SE.PRE.ENRR,,,,,,,,,,,,,,,,,,,,2.071310043,,,,,,,4.41435,4.65101,5.29153,5.69246,7.64601,,,,,,,9.7796,,
Middle East & North Africa (excluding high income),MNA,"School enrollment, preprimary (% gross)",SE.PRE.ENRR,11.61915016,11.51685047,11.73869038,11.65948963,12.13411045,11.35371971,11.41539955,11.62183952,11.55021,12.10906029,12.2899704,12.61495972,12.80772018,12.30554008,12.24915981,12.48136044,13.07406044,13.80257988,14.82520962,14.35381985,15.16784,15.40159988,16.02799034,16.65883064,17.54574966,18.85713005,21.41931915,21.39773941,22.72669983,24.61301041,25.6602,24.99299,24.77005,24.66292,27.54951,28.35967,28.37882,28.67226,28.50489,
Montenegro,MNE,"School enrollment, preprimary (% gross)",SE.PRE.ENRR,,,,,,,,,,,,,,,,,,,,,,32.14054,34.60446,33.69243,31.97883,31.47702,30.80896,26.8869,28.60906,30.37366,31.37583,54.20177,59.71314,,,55.39232,55.51407,62.10577,,
Mongolia,MNG,"School enrollment, preprimary (% gross)",SE.PRE.ENRR,23.19182968,24.25255966,25.06255913,25.5821991,26.30031013,27.71800041,28.90523911,31.54486084,31.0947094,34.75878906,37.02396011,40.18087006,38.60379028,33.63763046,22.9967308,23.13258934,24.49255943,26.57191086,23.55068016,26.59015083,29.42982,31.01541,34.00341,36.82365,38.84726,46.39576,54.26681,54.43833,57.52434,76.3085,78.40819,83.37886,85.11748,77.36561,78.14554,79.23342,82.64599,85.34975,86.66912,
Northern Mariana Islands,MNP,"School enrollment, preprimary (% gross)",SE.PRE.ENRR,,,,,,,,,,,,,,,,,,,,,,,,,,,,,,,,,,,,,,,,
Mozambique,MOZ,"School enrollment, preprimary (% gross)",SE.PRE.ENRR,,,11.74738979,15.5916996,17.51567078,16.60782051,11.61781025,,,,,,,,,,,,,,,,,,,,,,,,,,,,,,,,,
Mauritania,MRT,"School enrollment, preprimary (% gross)",SE.PRE.ENRR,,,,,,,,,,,,,,0.383410007,,,,,,,,,,1.9759,1.79954,,,,,,,,,,,10.49137,,,,
Mauritius,MUS,"School enrollment, preprimary (% gross)",SE.PRE.ENRR,26.69342995,25.57753944,24.6889801,,,,,,,,53.86003876,,,84.02590179,,76.32480621,80.32462311,96.07237244,92.22966003,94.3815918,90.95799,92.99054,94.99859,100.72368,90.48523,90.97854,99.4509,96.44548,95.39879,99.10466,100.7142,99.407,99.882,100.8908,99.2048,99.4768,100.5832,90.6606,98.11879,
Malawi,MWI,"School enrollment, preprimary (% gross)",SE.PRE.ENRR,,,,,,,,,,,,,,,,,,,,,,,,,,,,,,,,,,,,83.58057,,,167.1451,
Malaysia,MYS,"School enrollment, preprimary (% gross)",SE.PRE.ENRR,22.7277298,,30.54591942,32.63734055,33.11756897,35.19068146,,35.6366806,32.94829178,35.7869606,34.86191177,38.85749817,39.41975021,40.1050415,59.94953156,45.22301865,40.01855087,,56.54228973,54.50276947,52.04752,52.38133,52.66904,55.68067,59.86219,61.8906,57.18682,62.03979,74.3969,76.90992,79.14285,,84.67443,89.40528,93.01386,97.0206,96.94322,99.96703,99.22442,
North America,NAC,"School enrollment, preprimary (% gross)",SE.PRE.ENRR,48.88871002,52.67609024,52.86682892,54.69818115,56.5861702,57.31190109,60.98165131,61.80715179,61.52933884,60.4498291,61.04016876,64.80555725,65.95478821,66.97067261,68.09741211,69.23853302,70.70124817,70.64105988,70.7749176,70.70384216,70.63749695,70.57377625,70.51069641,70.45020294,70.3928299,70.33634186,70.2607193,70.1835022,70.10340881,70.02294922,69.94183,69.98564,70.7451,71.31145,72.28912,71.78549,71.69526,72.65886,72.66131,
Namibia,NAM,"School enrollment, preprimary (% gross)",SE.PRE.ENRR,,,,,,,,,,,,,,,,,,,,,,,,,,,,,,,,,,,,,,,,
New Caledonia,NCL,"School enrollment, preprimary (% gross)",SE.PRE.ENRR,,,,,,,,,,,,,,,,,,,,,,,,,,,,,,,,,,,,,,,,
Niger,NER,"School enrollment, preprimary (% gross)",SE.PRE.ENRR,0.596989989,0.434630007,0.441980004,0.442589998,0.474620014,0.552269995,0.570190012,0.650940001,,1.238770008,1.379459977,1.441319942,1.569589972,1.453480005,,1.086169958,0.983699977,1.086490035,1.147310019,1.079229951,0.92974,1.0694,1.28849,1.35782,1.36795,1.40992,1.68874,1.89021,2.36385,2.93281,3.96691,5.43136,5.97154,6.91352,7.07096,7.34412,7.85291,7.9191,8.0477,
Nigeria,NGA,"School enrollment, preprimary (% gross)",SE.PRE.ENRR,,,,,,,,,,,,,,,,,,,,,,25.51653,,35.88805,44.48098,43.8243,,,38.30992,40.60917,41.83119,,,,,,,,,
Nicaragua,NIC,"School enrollment, preprimary (% gross)",SE.PRE.ENRR,6.829929829,,8.132060051,10.32234955,12.17453957,12.3652401,13.97651005,14.45217991,13.74876976,11.90536022,11.49843025,12.4541502,12.1143198,14.47570992,17.6434803,17.98673058,20.92238998,24.05075073,26.0884304,29.1662693,30.51803,30.33892,33.25572,34.85622,38.099,41.03348,53.91379,55.085,56.46598,,55.59502,,,,,,,,,
Netherlands,NLD,"School enrollment, preprimary (% gross)",SE.PRE.ENRR,99.6922379,99.7838898,99.0147324,99.4108429,99.0800171,99.1430206,99.2653122,99.0621338,97.75299835,96.657341,97.12552643,99.14122009,99.43734741,98.16104126,97.96053314,99.79135132,90.8954315,99.91638947,,,,,,,,,,,,,,89.8003,90.46785,92.82465,93.56597,94.30688,95.10752,94.288,,
Norway,NOR,"School enrollment, preprimary (% gross)",SE.PRE.ENRR,29.8927002,33.67761993,37.12842178,40.29701996,43.64743042,46.87601852,49.57001877,52.41228104,55.00125885,57.72317123,61.43943024,65.63948059,71.38295746,78.04685974,69.0914917,72.62120819,74.59603119,75.97379303,72.88487244,75.01255035,76.41102,77.63443,79.27696,82.00323,85.3643,87.88262,89.65684,91.68963,94.77029,97.43853,98.81916,98.99268,99.05267,98.66316,97.88935,97.27658,95.89945,95.36525,,
Nepal,NPL,"School enrollment, preprimary (% gross)",SE.PRE.ENRR,,,,1.038810015,1.13835001,,,,,,,,,,,,,7.654580116,,10.52385998,12.09438,12.29222,12.17976,17.22261,17.84034,36.08837,,40.64561,62.24113,68.81538,75.2466,82.96986,87.67585,89.11589,90.36234,89.67999,87.57539,88.31593,,
Nauru,NRU,"School enrollment, preprimary (% gross)",SE.PRE.ENRR,,,,,,52.03804016,,,,,,55.80524063,,,,,,,64.58583069,,80.22388,80.32995,82.33766,78.08765,65.35326,85.77348,90.30899,95.16358,94.84979,,,,79.50392,,,,82.31707,,,
New Zealand,NZL,"School enrollment, preprimary (% gross)",SE.PRE.ENRR,51.68486023,53.14149094,57.34405899,,62.36182022,62.68572998,63.18896103,61.22373962,60.33200836,,,,,,,,,,,,,,,,,,,,,,,,,,90.60912,91.93575,91.46968,,,
OECD members,OED,"School enrollment, preprimary (% gross)",SE.PRE.ENRR,50.80194855,52.50141907,53.78369141,55.57823944,57.38145828,58.8406601,61.03004074,61.70444107,61.89200974,61.76488113,62.46773148,64.05742645,64.71186829,65.69664001,66.91909027,67.86911774,69.23332977,70.03164673,73.42653656,71.93968201,72.40595245,72.85045624,73.24659729,74.103302,74.29646301,76.51157379,77.91924286,79.14466858,79.66825867,79.8642807,80.80888,81.76816,82.61147,78.39774,78.96429,79.65055,80.51183,81.07868,79.64796,
Oman,OMN,"School enrollment, preprimary (% gross)",SE.PRE.ENRR,,0.52640003,0.831830025,0.988590002,0.926580012,1.640310049,1.586580038,2.319849968,2.408390045,2.536710024,2.560440063,3.023010015,3.424669981,3.562710047,3.78779006,4.229720116,4.346000195,5.321849823,5.800580025,,,,,,,,,39.35301,46.05642,45.79904,,55.59231,53.24222,51.42043,56.41411,57.8054,56.88308,53.76468,52.21419,
Other small states,OSS,"School enrollment, preprimary (% gross)",SE.PRE.ENRR,22.38441086,22.43013,22.37812042,22.69285011,22.9296093,23.04615974,23.2887001,23.18814087,23.49788094,23.70129013,23.83060074,25.27503014,25.08505058,26.02586937,25.61727905,25.77523041,26.2526207,26.91040039,26.57928085,26.68663025,26.51502037,27.93398094,28.91312027,29.19215965,29.91152,30.47579956,30.78582954,31.71640968,33.7023201,34.70737076,34.91375,36.19787,35.89437,36.18544,37.56708,38.44584,38.61573,38.70329,39.15349,
Pakistan,PAK,"School enrollment, preprimary (% gross)",SE.PRE.ENRR,,,,,,,,,,,,,,,,,,,,,60.93385,54.76175,41.51321,35.741,40.55523,45.97943,64.03818,72.12748,76.8891,73.00778,,,71.65785,73.06751,67.15566,69.18301,69.26129,76.79456,82.95534,
Panama,PAN,"School enrollment, preprimary (% gross)",SE.PRE.ENRR,32.20285034,39.8309288,43.18341064,45.08470154,46.02510071,47.54832077,50.66857147,56.41366959,55.7379303,54.02315903,51.40911102,55.58134079,54.52727127,57.71894836,66.29618073,66.19158936,73.1782608,,,37.91783142,43.45337,48.77406,53.47885,50.79849,52.6178,59.96853,65.44386,68.76655,67.26614,64.00641,64.82794,63.36124,65.925,45.93662,46.74289,50.35317,61.39243,62.23504,,
Peru,PER,"School enrollment, preprimary (% gross)",SE.PRE.ENRR,14.42066002,15.57999039,17.17946053,18.56015015,,20.3516407,22.15637016,24.74790955,27.3640995,30.25728989,27.93157959,28.33016968,28.95915031,31.52799034,31.83024025,33.5839119,35.59592819,36.76993179,55.71543121,55.00642014,57.92048,61.36424,59.39997,59.00154,62.09192,64.01458,65.09154,69.32863,73.37551,77.66918,78.86466,76.61785,76.45923,83.46415,86.90344,89.16901,93.69795,98.24328,99.5169,
Philippines,PHL,"School enrollment, preprimary (% gross)",SE.PRE.ENRR,,9.070710182,10.81389046,11.06686974,12.29407024,11.73379993,12.26276016,12.50983047,12.67827034,13.2094202,18.67997932,22.93124008,21.63121986,23.13711929,24.85379028,29.16713905,28.97767067,28.67452049,28.84758949,29.60829926,25.42441,28.95392,31.20253,35.8991,36.63072,37.30596,41.6174,43.80621,45.75659,53.4949,,,,,,90.0484,95.16984,80.69254,,
Palau,PLW,"School enrollment, preprimary (% gross)",SE.PRE.ENRR,,,,,,,,,,,,,,,,,,,,61.65414047,64.09736,,72.99185,81.96721,88.12155,,,,,,,,,77.98658,71.64592,,,,,
Papua New Guinea,PNG,"School enrollment, preprimary (% gross)",SE.PRE.ENRR,,0.150110006,0.162210003,,0.48980999,,0.475270003,0.467420012,0.374779999,0.418309987,0.348089993,0.256799996,0.311839998,0.507059991,0.545080006,0.892390013,,,33.1583519,,,,58.05016,,,,,,95.77875,,,,,,,,43.15852,,,
Poland,POL,"School enrollment, preprimary (% gross)",SE.PRE.ENRR,56.69945908,55.9561882,52.15813828,50.06877136,47.42995071,48.54080963,50.46517181,51.65962982,51.77159119,51.04753113,49.3340416,46.89632034,43.47814941,42.18719864,42.88008881,44.66603851,45.69173813,46.77891922,47.50498962,47.40396881,47.23662,47.36846,47.66103,49.83653,52.09919,54.23524,56.63335,59.53067,60.95602,64.43068,69.07934,72.65591,77.08565,77.66025,79.91196,,,81.14455,,
Pre-demographic dividend,PRE,"School enrollment, preprimary (% gross)",SE.PRE.ENRR,15.71179962,15.68330002,15.50979042,15.38195992,15.26128006,15.18752956,15.42055988,15.35359955,15.46835041,15.6045599,15.58920956,15.59603977,15.63220978,15.53884029,15.25337029,15.25316048,15.31772995,15.11972046,15.05780983,13.61174965,14.46780014,15.11734009,16.62158012,18.18518066,19.85784912,20.81675911,21.98564911,19.8799.999,19.19907951,20.2829895,20.48141,22.71958,24.82052,27.36788,20.31698,21.65647,29.88987,31.06349,31.57048,
Puerto Rico,PRI,"School enrollment, preprimary (% gross)",SE.PRE.ENRR,,,,,,,,,,,,,,,,,,,,,,,,,,,,,,,99.12136,99.5645,99.5489,54.85882,,29.88999,29.28733,,,
"Korea, Dem. People’s Rep.",PRK,"School enrollment, preprimary (% gross)",SE.PRE.ENRR,,,,,,,,,,,,,,,,,,,,,,,,,,,,,,,,,,,,,,,,
Portugal,PRT,"School enrollment, preprimary (% gross)",SE.PRE.ENRR,15.73746967,19.8635006,22.64422035,23.61763,24.95791054,25.26524925,28.72542953,31.20821953,30.71412086,,34.38360977,50.68180847,,53.16225052,55.69844055,57.10427856,60.17335892,,65.41651917,68.1792984,72.28641,75.4116,76.05264,78.54535,79.32812,80.62717,81.08655,80.95314,81.60051,85.00599,87.44343,90.69098,90.78031,90.2591,91.51481,93.37854,93.77346,93.88086,,
Paraguay,PRY,"School enrollment, preprimary (% gross)",SE.PRE.ENRR,4.041490078,,4.504399776,,,5.888150215,6.555150032,6.948740005,8.437649727,8.189629555,9.107170105,10.27486992,10.51572037,13.99921036,12.76463985,15.5567503,18.14748001,21.17750931,27.10593033,29.32337952,31.22324,32.8551,32.66266,34.34435,34.81158,35.29178,35.54745,37.46075,39.39366,38.69657,38.91577,37.84226,37.05118,,,,43.78909,,,
West Bank and Gaza,PSE,"School enrollment, preprimary (% gross)",SE.PRE.ENRR,,11.2110796,,,,,15.11075974,,,,,20.75196075,21.34682083,24.13935089,25.12535095,20.76358986,24.12421036,35.17356873,,35.4821701,34.35661,30.1843,28.79858,26.92668,30.88755,32.43632,34.21144,34.71017,37.42302,40.13531,39.92342,41.45285,41.15768,46.4275,51.80783,53.67323,55.52325,56.24191,56.47925,
Pacific island small states,PSS,"School enrollment, preprimary (% gross)",SE.PRE.ENRR,15.98931026,16.18174934,16.81814957,17.67845917,18.33460045,17.70306969,19.31847954,20.71220016,21.87309074,23.0544796,24.21875954,25.64846039,27.33279037,27.97932053,28.22405052,30.4371109,32.75645065,31.74703979,33.01131058,33.29553986,31.40772057,33.16453934,35.56636047,38.33853912,40.16259003,41.65605927,42.57994843,41.14859009,39.59843826,40.89775848,57.4032,57.40762,54.78324,54.62922,55.46146,55.81452,57.64471,59.43077,55.21886,
Post-demographic dividend,PST,"School enrollment, preprimary (% gross)",SE.PRE.ENRR,59.10300827,59.09539032,60.13092041,61.87791061,63.88362885,64.68173218,66.36553955,67.02288055,67.23597717,67.11927795,68.18612671,69.91346741,70.48842621,71.05722809,71.96250153,72.64227295,73.88275909,74.38330841,78.2490921,79.28307343,79.955513,80.48947906,81.12754059,82.78308105,82.58390045,83.66902161,84.0477829,84.29395294,84.83946228,84.87445831,85.01202,85.468,85.92816,85.52548,86.10547,86.23364,87.52275,87.38587,85.6889,
French Polynesia,PYF,"School enrollment, preprimary (% gross)",SE.PRE.ENRR,,,,,,,,,,,,,,,,,,,,,,,,,,,,,,,,,,,,,,,,
Qatar,QAT,"School enrollment, preprimary (% gross)",SE.PRE.ENRR,22.58547974,23.17684937,27.8283596,24.76814079,25.46326065,22.78473091,19.07209969,16.55854034,17.33609962,18.23257065,18.99147987,16.22208023,17.92663956,19.22575951,22.74976921,22.84540939,23.60737038,25.80623055,27.49061012,26.21681976,28.3713,28.85673,33.10514,36.68632,36.25482,39.48859,40.64199,44.07745,52.6989,55.05455,,55.4416,,51.74703,54.67438,57.59095,59.26093,60.06723,60.26741,
Romania,ROU,"School enrollment, preprimary (% gross)",SE.PRE.ENRR,57.39582825,59.14191818,58.34096909,55.72824097,54.53356171,55.21627045,55.00465012,55.25841141,57.46892929,60.55868912,61.54056168,55.99362183,54.08584976,53.06325912,49.08060074,51.12184143,52.20914841,53.81599045,57.52222824,66.07527161,69.51798,72.82361,73.93804,73.79015,72.22493,74.23299,75.39971,76.35889,77.75591,79.18116,80.29283,80.69497,79.30385,88.31976,84.99042,85.06678,82.8455,,,
Russian Federation,RUS,"School enrollment, preprimary (% gross)",SE.PRE.ENRR,,67.948349,,,,,73.73090363,,,75.64369202,75.53614044,74.49195099,72.63095856,71.70858765,61.35528183,62.51871872,,,,,61.35917,,,67.53992,68.27284,68.76596,70.14675,72.00359,75.83956,75.66241,,74.34646,75.80693,78.54005,82.13139,85.04566,87.12802,86.78778,,
Rwanda,RWA,"School enrollment, preprimary (% gross)",SE.PRE.ENRR,,,,,,,,,,,,,,,,,,,,,,2.6476,,,,,,,17.52539,17.67117,11.16151,12.55016,14.24123,15.16565,16.5855,18.81458,18.7592,22.04978,22.46703,
South Asia,SAS,"School enrollment, preprimary (% gross)",SE.PRE.ENRR,10.53763962,11.06904984,11.16187,11.88278008,12.15260029,12.57586956,13.29001045,13.61686039,14.11958981,13.82141972,13.38745975,13.46234989,13.13706017,13.01336956,13.61472988,13.68187046,13.51651001,9.820569992,10.57050037,10.41771984,10.39933968,9.877039909,10.51278019,10.65555954,10.5401001,10.9983902,13.18706036,14.05282021,16.01228905,15.00776958,15.03561,16.71597,17.29525,19.20644,20.37483,21.08439,22.14681,24.39583,25.26622,
Saudi Arabia,SAU,"School enrollment, preprimary (% gross)",SE.PRE.ENRR,,,,,,,,,,,,,,,,,,,,,,,,,,11.15863,,11.25656,11.3071,11.34587,11.50935,12.49077,14.30161,14.39731,17.62773,18.92974,,20.99704,21.23175,
Sudan,SDN,"School enrollment, preprimary (% gross)",SE.PRE.ENRR,,,,,,,,,,,,,,,,,,,,,,19.40891,19.34668,22.65279,22.32586,22.12626,24.59024,24.02441,27.73553,35.56348,31.76062,35.63156,38.19042,42.77537,43.20109,44.76626,45.0923,46.62576,,
Senegal,SEN,"School enrollment, preprimary (% gross)",SE.PRE.ENRR,1.089730024,1.463829994,1.422279954,1.477489948,1.468950033,1.538179994,1.972309947,1.96025002,2.083489895,2.1275599,2.159590006,2.262870073,2.260740042,2.238960028,2.168550014,,2.341170073,2.201139927,2.310940027,2.766819954,2.84063,3.49386,3.09505,3.14578,5.50081,7.76856,9.15799,9.31769,10.49772,11.26414,12.72556,13.52119,14.20368,14.9983,15.07742,15.37674,16.14162,16.51902,16.5383,
Singapore,SGP,"School enrollment, preprimary (% gross)",SE.PRE.ENRR,,,,,,,,,,,,,,,,,,,,,,,,,,,,,,,,,,,,,,,,
Solomon Islands,SLB,"School enrollment, preprimary (% gross)",SE.PRE.ENRR,,,,,,,,,,,34.20172119,37.06666946,40.65859985,39.97322083,38.5969696,40.87149048,41.34350967,39.59725952,,,35.31091,,40.92963,,,,48.49985,49.79698,44.4976,49.19859,100.9194,90.8912,93.40816,92.3849,94.19225,93.66661,97.39211,98.73103,84.07077,
Sierra Leone,SLE,"School enrollment, preprimary (% gross)",SE.PRE.ENRR,,,,,,,,,,,,,,,,,,,,,3.85963,3.91565,,,,,,,,,,6.26251,8.04387,8.71324,,9.27421,12.46991,12.34602,13.88317,
El Salvador,SLV,"School enrollment, preprimary (% gross)",SE.PRE.ENRR,11.4277401,10.39074993,12.77628994,13.80391026,13.81886959,,,15.64640999,16.65386963,,,19.49486923,22.64131927,26.12812996,27.00395966,30.38153076,33.81682968,39.69247055,39.71353149,42.22254944,44.16376,46.74514,50.30561,52.92629,56.12567,56.49101,57.52771,57.19108,58.02645,57.94084,62.39752,62.47059,62.58562,63.82397,65.34746,65.32601,65.45313,64.9683,,
San Marino,SMR,"School enrollment, preprimary (% gross)",SE.PRE.ENRR,94.08138275,99.3030319,90.2320175,95.69061279,90.11689758,91.09662628,90.64588165,96.91210938,99.3307495,99.3764038,99.8732376,99.6099.,99.1636887,99.9735107,99.7883377,,99.3373108,97.37741852,,,99.21888,,,,99.00793,,,,99.80095,99.55204,99.8072,99.5563,99.2321,,,,,,96.39449,
Somalia,SOM,"School enrollment, preprimary (% gross)",SE.PRE.ENRR,0.560750008,0.531400025,0.430920005,0.472310007,0.294120014,0.337779999,0.384220004,,,,,,,,,,,,,,,,,,,,,,,,,,,,,,,,,
Serbia,SRB,"School enrollment, preprimary (% gross)",SE.PRE.ENRR,,,,,,,,,,,,,,,,,,,,53.91217041,51.42011,53.73101,55.48411,55.63205,56.57381,56.32755,56.84039,49.61991,49.68122,51.33848,52.70153,55.63595,57.31269,58.36443,59.16469,58.17151,58.82748,61.13126,62.28713,
Sub-Saharan Africa (excluding high income),SSA,"School enrollment, preprimary (% gross)",SE.PRE.ENRR,15.22480011,15.08255005,14.87084961,14.75529957,14.6521101,14.5920496,14.82787037,15.08014965,15.28534985,15.3471899,15.38708019,15.38988972,15.42963028,15.36110973,15.16790009,15.25496006,15.58088017,15.05473042,15.28977013,14.07549,15.35204983,15.88000965,17.12350082,18.64941025,20.06694984,20.77013969,22.27853966,20.78410912,20.61243057,22.09704971,22.26009,24.11105,27.57008,30.23245,24.74106,25.76472,32.43749,33.44964,33.83978,
South Sudan,SSD,"School enrollment, preprimary (% gross)",SE.PRE.ENRR,,,,,,,,,,,,,,,,,,,,,,,,,,,,,,,,6.10009,,,,11.25782,,,,
Sub-Saharan Africa,SSF,"School enrollment, preprimary (% gross)",SE.PRE.ENRR,15.23110008,15.09095001,14.87950039,14.76210022,14.65927029,14.5992403,14.83522034,15.08689976,15.29193974,15.35410023,15.39375019,15.39608002,15.43556023,15.36674976,15.17346954,15.2605896,15.58642006,15.06027985,15.29496002,14.08125019,15.3573103,15.88455963,17.12792969,18.65339088,20.07106018,20.77408981,22.28231049,20.78796959,20.61634064,22.1008091,22.26379,24.11452,27.5734,30.23543,24.74431,25.76769,32.44023,33.45228,33.84232,
Small states,SST,"School enrollment, preprimary (% gross)",SE.PRE.ENRR,30.53652,29.61399078,29.96702957,30.62964058,30.3597393,30.10821915,30.41669083,29.99847031,30.9949398,31.12318039,31.24427032,32.43444061,32.63811111,33.86790085,33.7555809,34.16442871,34.8414917,35.11740875,34.58909988,34.88764954,35.00257874,35.78649139,37.27764893,37.60346985,39.242199.1,39.9675293,39.85845947,40.12639999,41.28741837,42.26818848,43.39285,44.45253,44.02843,44.20596,44.37981,45.44015,44.89921,45.20204,45.09696,
Sao Tome and Principe,STP,"School enrollment, preprimary (% gross)",SE.PRE.ENRR,12.36503029,19.01408005,19.58823967,19.54339027,19.46248055,19.38318062,,20.51671982,21.90125084,,21.45035934,,,,,,,,,22.94860077,,26.20808,27.05188,24.55806,28.15702,28.44407,,38.31268,39.23039,41.67606,36.56331,48.90141,47.83586,44.02793,39.01475,47.37276,50.30805,,,
Suriname,SUR,"School enrollment, preprimary (% gross)",SE.PRE.ENRR,93.84544373,91.76869965,,,,99.2582474,99.3900299,96.89492035,93.86084747,95.02935791,82.12600708,82.40493011,85.27625275,88.97338104,99.52086639,,,,,68.24806976,,73.94982,79.71418,,,80.26645,76.62092,77.23523,82.86839,83.98994,74.40479,75.52081,83.43447,88.48752,87.78509,87.25858,89.676,90.38122,86.15779,
Slovak Republic,SVK,"School enrollment, preprimary (% gross)",SE.PRE.ENRR,,80.68856812,,,84.37944031,,86.55859375,,,93.91599274,,85.23977661,75.53266907,76.03369904,75.09147644,73.11364746,70.55979156,75.38136292,77.72692871,80.25974274,81.19291,81.05157,83.67798,88.99241,94.35011,96.60732,94.01857,93.72045,92.83021,90.91926,90.9297,90.23371,91.1705,91.91332,91.63394,93.11739,93.7044,95.21526,,
Slovenia,SVN,"School enrollment, preprimary (% gross)",SE.PRE.ENRR,,52.38063049,55.05625153,57.17060089,58.17858124,59.18130875,56.57358932,58.30765915,61.36275101,61.51651001,62.2491188,85.04834747,54.4967804,53.55532074,57.24666977,59.26795959,61.01588821,63.27249908,63.97687912,75.14633179,76.8377,75.49036,73.39619,67.41409,77.21477,78.62967,82.27455,81.96401,84.88728,86.96848,89.25994,91.78853,94.68258,93.32073,92.01725,92.099.,92.09144,91.72831,,
Sweden,SWE,"School enrollment, preprimary (% gross)",SE.PRE.ENRR,50.38663864,53.60343933,57.15093994,60.39196014,63.4863205,57.30073166,60.02146912,60.97172928,61.64505005,62.29069901,63.87335968,64.68364716,67.21511841,64.48754883,64.53527832,66.58200073,71.22400665,71.67993927,72.19447327,75.78421783,73.68594,73.62415,75.36379,82.15094,90.83181,94.06677,94.4427,98.44453,97.0622,94.74359,95.20037,94.92591,94.83735,95.00969,95.56188,93.86273,94.08003,96.32934,,
Eswatini,SWZ,"School enrollment, preprimary (% gross)",SE.PRE.ENRR,,,,,,,,,,,13.58111,,,22.2188797,,,,,,,,,,,,,,,,,24.05819,27.43286,,,,,,,,
Sint Maarten (Dutch part),SXM,"School enrollment, preprimary (% gross)",SE.PRE.ENRR,,,,,,,,,,,,,,,,,,,,,,,,,,,,,,,,,245.8472,,78.1484,,,,,
Seychelles,SYC,"School enrollment, preprimary (% gross)",SE.PRE.ENRR,75.81931305,98.78806305,100.5360184,86.99671936,93.61830139,97.03997803,99.7304699.,94.86876678,94.65849304,90.5528107,100,97.92543793,97.9785614,96.89922333,98.81434631,100.4040604,99.0970306,99.1102371,99.0556412,99.4127502,90.2945,93.4973,97.12604,94.23213,100.46586,90.10627,99.22671,99.22996,99.45356,99.86662,99.1168,99.1482,99.3185,96.71053,96.96,94.37421,97.02846,96.23288,95.36403,
Syrian Arab Republic,SYR,"School enrollment, preprimary (% gross)",SE.PRE.ENRR,3.444910049,3.435060024,3.719110012,4.309110165,4.823279858,5.378600121,5.421050072,6.037660122,6.284570217,6.161439896,6.81867981,6.630300045,6.75094986,7.036290169,6.99394989,6.974579811,7.076059818,7.493370056,7.724740028,8.224849701,8.62766,8.89651,9.01042,9.56595,9.82145,9.9357,10.09588,9.33239,9.46936,9.03252,8.98215,10.37021,10.39573,5.54878,,,,,,
Turks and Caicos Islands,TCA,"School enrollment, preprimary (% gross)",SE.PRE.ENRR,,,,,,,,,,,,,,,,,,,,,,,,,,,,,,,,,,,,,,,,
Chad,TCD,"School enrollment, preprimary (% gross)",SE.PRE.ENRR,,,,,,,,,,,,,,,,0.22902,,,,,,,,,,,,,,,1.69021,1.73424,1.43686,,,0.78942,0.95611,,,
East Asia & Pacific (IDA & IBRD countries),TEA,"School enrollment, preprimary (% gross)",SE.PRE.ENRR,10.17061043,13.06927013,12.98196983,14.04176044,15.16170025,17.19403076,19.44543076,20.91823006,22.50861931,22.30743027,21.43313026,21.9489193,22.90844917,23.75765991,24.29851913,25.3571701,26.42234993,27.76203918,37.74172974,40.70069122,40.6635704,40.76475906,37.87854004,37.88191986,38.68740082,39.87657166,42.33692932,44.93645096,47.17139816,49.91588974,52.26823,57.2267,64.51745,68.59648,71.61853,73.92922,76.96168,79.07561,81.48589,
Europe & Central Asia (IDA & IBRD countries),TEC,"School enrollment, preprimary (% gross)",SE.PRE.ENRR,55.28173828,52.98352814,53.25307846,53.53712082,53.85134888,54.85432053,55.7186203,56.5905304,57.34547043,57.95866013,58.33890152,56.94868088,55.03387833,52.12220001,47.19911957,46.49533081,45.24581146,43.7577095,42.07981873,39.56700134,39.33805847,40.01292038,41.05593872,43.46266174,44.32838058,45.28017044,47.14696121,48.99483109,51.21813965,52.6083107,54.28829,55.90008,57.33192,56.96572,57.86422,58.68907,59.67346,60.09749,60.60066,
Togo,TGO,"School enrollment, preprimary (% gross)",SE.PRE.ENRR,2.373159885,2.748379946,3.081909895,3.093719959,2.934520006,2.853770018,2.908030033,2.839250088,2.931679964,2.662820101,2.72991991,2.887840033,,,2.641599894,2.511019945,2.539489985,2.537149906,2.506930113,2.626290083,2.15262,2.3355,2.60345,2.6565,3.03591,,3.81319,4.16925,4.66294,7.1318,7.26823,9.12299,10.66806,13.70643,15.03941,17.57004,,21.34416,22.83068,
Thailand,THA,"School enrollment, preprimary (% gross)",SE.PRE.ENRR,8.353750229,9.699009895,10.99.31041,11.1712904,12.87162971,14.72101021,18.86055946,28.6855793,33.73748016,40.8239212,42.08264923,44.65898132,47.15737915,52.39318085,61.72732925,67.75031281,61.64360809,65.78431702,,,,,,,,,,,,,,,,,71.34223,67.95236,71.99156,73.61172,,
Tajikistan,TJK,"School enrollment, preprimary (% gross)",SE.PRE.ENRR,,13.12744045,,,,,,,,,,22.21166992,20.10206032,15.89144993,15.4005003,14.56103039,10.42107964,9.595190048,8.431409836,7.824719906,7.26798,7.58062,8.27276,8.6148,9.14591,9.12689,9.23882,9.13054,9.07379,8.87025,8.57615,9.06831,9.42666,9.78752,9.98855,10.19669,10.48075,9.9137,,
Turkmenistan,TKM,"School enrollment, preprimary (% gross)",SE.PRE.ENRR,,,,,,,,,,,,,,,,,,,,,,,,,,,,,,,,,,,57.9761,,,,,
Latin America & the Caribbean (IDA & IBRD countries),TLA,"School enrollment, preprimary (% gross)",SE.PRE.ENRR,17.60975075,19.92333031,22.79727936,25.04302025,27.66083908,29.46361923,31.84394073,38.75791931,39.14617157,39.55123138,43.99.22076,41.44947052,43.70431137,45.37318039,46.18476105,48.06005859,49.53380966,50.56861115,52.08583069,52.88816071,54.30675888,55.10292053,55.55318832,56.56737137,57.78728867,60.20560837,62.46884918,64.11131287,66.37725067,67.50657654,65.37495,67.72837,69.46406,71.48257,73.27108,74.21151,75.53344,76.64346,78.03569,
Timor-Leste,TLS,"School enrollment, preprimary (% gross)",SE.PRE.ENRR,,,,,,,,,,,,,,,,,,,,,,,6.63362,,,11.63937,,,,,,,,13.91898,17.40148,20.46707,21.42526,23.44754,22.7661,
Middle East & North Africa (IDA & IBRD countries),TMN,"School enrollment, preprimary (% gross)",SE.PRE.ENRR,11.62325001,11.52015018,11.73596954,11.64754963,12.11888981,11.32176018,11.37584019,11.57271957,11.48867035,12.04152012,12.21158981,12.52581024,12.799.3028,12.1667099,12.09142971,12.37491035,12.9246397,13.4963398,14.51253986,14.01214981,14.84300995,15.1452198,15.80436993,16.47969055,17.3155098,18.62520027,21.19156075,21.16304016,22.47039032,24.34498978,25.41594,24.71141,24.48956,24.2894,27.13207,27.92372,27.91464,28.20252,28.03031,
Tonga,TON,"School enrollment, preprimary (% gross)",SE.PRE.ENRR,,,,,,,,,,,,,,,,,,,19.98933029,28.23251915,,,,,21.5062,,,,,,,,36.75852,,41.29522,45.81301,,,,
South Asia (IDA & IBRD),TSA,"School enrollment, preprimary (% gross)",SE.PRE.ENRR,10.53763962,11.06904984,11.16187,11.88278008,12.15260029,12.57586956,13.29001045,13.61686039,14.11958981,13.82141972,13.38745975,13.46234989,13.13706017,13.01336956,13.61472988,13.68187046,13.51651001,9.820569992,10.57050037,10.41771984,10.39933968,9.877039909,10.51278019,10.65555954,10.5401001,10.9983902,13.18706036,14.05282021,16.01228905,15.00776958,15.03561,16.71597,17.29525,19.20644,20.37483,21.08439,22.14681,24.39583,25.26622,
Sub-Saharan Africa (IDA & IBRD countries),TSS,"School enrollment, preprimary (% gross)",SE.PRE.ENRR,15.23110008,15.09095001,14.87950039,14.76210022,14.65927029,14.5992403,14.83522034,15.08689976,15.29193974,15.35410023,15.39375019,15.39608002,15.43556023,15.36674976,15.17346954,15.2605896,15.58642006,15.06027985,15.29496002,14.08125019,15.3573103,15.88455963,17.12792969,18.65339088,20.07106018,20.77408981,22.28231049,20.78796959,20.61634064,22.1008091,22.26379,24.11452,27.5734,30.23543,24.74431,25.76769,32.44023,33.45228,33.84232,
Trinidad and Tobago,TTO,"School enrollment, preprimary (% gross)",SE.PRE.ENRR,,,,,,,,,,,8.287240028,,,,,,,,,,60.19071,62.67328,,78.8296,85.6337,87.74435,,82.97109,,,,,,,,,,,,
Tunisia,TUN,"School enrollment, preprimary (% gross)",SE.PRE.ENRR,,,,,,,,,6.329780102,,6.859879971,,9.101829529,,,,11.04224014,,12.99615955,14.06410027,15.8879,17.13462,20.25513,,,,,,,,,,,41.30671,42.81754,43.70998,44.61507,,,
Turkey,TUR,"School enrollment, preprimary (% gross)",SE.PRE.ENRR,,0.189820006,0.222420007,0.225030005,0.23714,3.180099964,4.506140232,3.954339981,3.886329889,3.973659992,4.203100204,4.514120102,5.027150154,5.198440075,5.526619911,5.757130146,,6.839369774,7.151249886,6.802790165,6.52914,6.68273,7.38291,8.06758,8.94169,10.86097,13.78683,16.18825,17.93245,20.8058,25.45541,28.97962,30.23752,27.67965,26.9741,29.1438,30.17321,32.73927,,
Tuvalu,TUV,"School enrollment, preprimary (% gross)",SE.PRE.ENRR,,,,,,,,,,,,,,,,,,,100.0435486,,,99.6124,,,100.60432,89.3617,99.02507,,,,,,,,96.14396,96.43766,88.39849,,83.33333,
Tanzania,TZA,"School enrollment, preprimary (% gross)",SE.PRE.ENRR,,,,,,,,,,,,,,,,,,,,,,,,,24.55738,27.50782,27.85075,31.82725,34.44,33.15618,33.12488,35.82704,35.54019,33.43184,33.16459,33.07892,47.1698,44.95051,41.40451,
Uganda,UGA,"School enrollment, preprimary (% gross)",SE.PRE.ENRR,,,,,,,,,,,,,,,,,,,,,,,,,,,,10.77047,12.53818,,14.20694,,9.62003,11.30229,11.99.97,11.92644,13.71552,14.40808,,
Ukraine,UKR,"School enrollment, preprimary (% gross)",SE.PRE.ENRR,76.58271027,59.26480103,60.49777985,61.69268036,63.31729889,63.34701157,63.67095184,63.88095856,65.07781982,65.62513733,66.84490204,65.7374115,64.57827759,58.6353302,56.90740967,,,,51.19903946,51.31581116,52.00383,51.2583,53.02968,75.83826,78.60366,82.70925,87.19781,92.32681,97.00348,90.43392,99.0646,90.3824,90.7322,83.87658,,,,,,
Upper middle income,UMC,"School enrollment, preprimary (% gross)",SE.PRE.ENRR,16.17564964,18.91954994,19.54137039,21.21219063,22.79674911,24.89076996,27.27020073,29.94008064,30.94325066,30.83513069,30.7726593,30.50649071,31.1756897,31.48090935,30.97521973,31.89497948,32.89218903,34.33134842,43.80791855,45.85662842,46.43059921,46.84870148,44.74039841,44.80456161,45.54872131,46.6645813,49.10715866,51.05778885,53.4679718,55.74592972,57.17807,61.06075,65.89411,69.04602,71.43366,71.63274,74.02132,75.70341,77.698,
Uruguay,URY,"School enrollment, preprimary (% gross)",SE.PRE.ENRR,25.30887985,26.41926003,29.50576973,32.29161072,32.63885117,33.20135117,34.25651932,37.38475037,39.80289078,42.66698837,42.61400986,42.54570007,42.28815842,40.78784943,41.66329956,41.70909882,45.04225159,51.29552078,56.1139183,59.55984879,63.48985,64.77339,66.86021,65.8297,67.65803,87.23834,95.21479,81.15839,87.1358,90.44501,90.65909,,,92.27006,92.50898,94.00988,94.20154,93.38856,,
United States,USA,"School enrollment, preprimary (% gross)",SE.PRE.ENRR,48.59489059,52.44504929,52.71154022,54.60565186,56.62382889,57.31401062,61.19591904,62.04418945,61.69543076,60.48450089,60.95978928,65.05178833,,,,69.58889008,71.11544037,,,,,,,,,70.51733,,,,,70.10418,70.14959,70.93356,71.52396,72.54063,72.02736,71.93737,72.93408,,
Uzbekistan,UZB,"School enrollment, preprimary (% gross)",SE.PRE.ENRR,,50.49549103,,,,,53.61399841,,,56.01588821,56.76187897,56.87559128,54.79045868,48.15885162,45.29013824,41.0275116,36.36838913,28.74262047,25.92798042,23.68651962,23.82312,25.02231,26.59065,27.2065,26.62444,26.70494,26.94332,27.27701,27.12655,26.01342,25.58743,24.95193,24.50709,24.06372,24.02607,25.1772,25.06572,26.75457,27.94889,
St. Vincent and the Grenadines,VCT,"School enrollment, preprimary (% gross)",SE.PRE.ENRR,,,16.45116997,,,,,38.88587189,,,,45.49105835,,,49.80080032,,,,,,,,,,92.47904,,,,,84.36689,,,,82.31078,72.05339,90.27,99.3914,99.9908,100.06235,
"Venezuela, RB",VEN,"School enrollment, preprimary (% gross)",SE.PRE.ENRR,27.66754913,33.25233078,35.57870102,37.50030136,38.2598114,38.99029922,39.46199036,37.39910126,37.20859146,36.98778152,37.28371811,40.8072319,42.52790833,42.25521088,42.27941132,43.31731033,41.91939163,44.49798965,45.91891098,44.83124161,48.50923,50.44896,51.9263,52.89077,54.42641,57.81788,59.74593,61.55476,69.13073,77.13431,73.46216,74.24522,72.99126,76.11313,73.70267,76.14652,70.90936,69.51507,,
British Virgin Islands,VGB,"School enrollment, preprimary (% gross)",SE.PRE.ENRR,,57.17016983,,37.09677124,38.46154022,44.05458069,,,,,39.79417038,38.25503159,50.39369965,,,67.98307037,,,,60.91030884,73.07692,75.13158,84.52221,85.92896,90.9465,87.15847,88.00539,,,94.53125,,100.7912,,,99.8047,132.6121,99.4314,132.4698,,
Virgin Islands (U.S.),VIR,"School enrollment, preprimary (% gross)",SE.PRE.ENRR,,,,,,,,,,,,,,,,,,,,,,,,,,,,,,,,,,,,,,,,
Vietnam,VNM,"School enrollment, preprimary (% gross)",SE.PRE.ENRR,34.0187912,34.03316116,32.36251831,30.9521904,,33.69007111,34.65652847,33.34001923,36.27827835,34.62931824,31.65127945,28.76685905,27.6711998,27.82699013,30.05421066,33.25403976,34.94934082,37.93610001,39.51691818,40.35480118,40.78903,42.28309,45.29814,49.56449,54.32998,59.80497,65.65772,68.02237,68.25603,69.36865,71.2737,74.55041,78.88569,82.42049,82.04487,83.97326,87.80915,96.53198,90.2349,
Vanuatu,VUT,"School enrollment, preprimary (% gross)",SE.PRE.ENRR,10.73334026,9.60422039,,,,,,,,,,,36.18701935,,,,,,78.4726181,77.08058167,,79.56518,,,,99.28571,99.69007,96.99048,90.06864,93.94739,93.58591,,,90.93573,,90.19299,,,,
World,WLD,"School enrollment, preprimary (% gross)",SE.PRE.ENRR,21.06518936,22.50588036,22.89241028,23.8699.022,24.82035065,25.88775063,27.25952911,28.45449066,29.05924988,28.86226082,28.76211929,28.77300072,28.98279953,29.09020996,28.97348022,29.47003937,29.9941597,28.41760063,31.00555992,31.46175003,31.72224045,31.62309074,31.33839035,31.81765938,32.31975937,33.18292999,34.9944191,35.78274155,37.16714096,37.92269897,38.60495,40.81581,43.55113,45.71099,45.99791,46.99795,49.59324,51.09632,51.96555,
Samoa,WSM,"School enrollment, preprimary (% gross)",SE.PRE.ENRR,,,,,,,,,,,,,12.83076,,,24.29104042,31.88596916,,52.74586105,49.51052094,52.14196,52.65853,,,,,,46.6144,41.57964,41.59869,35.48778,38.67153,33.34604,,33.72217,36.14806,36.12528,44.66611,48.76443,
Kosovo,XKX,"School enrollment, preprimary (% gross)",SE.PRE.ENRR,,,,,,,,,,,,,,,,,,,,,,,,,,,,,,,,,,,,,,,,
"Yemen, Rep.",YEM,"School enrollment, preprimary (% gross)",SE.PRE.ENRR,,,,,,,,,,,,0.731169999,0.712549984,,0.758780003,,0.659560025,,,0.675459981,,0.57743,,0.80015,0.8351,0.9713,,,1.21245,,1.26137,1.44984,,1.36367,,,1.59278,,,
South Africa,ZAF,"School enrollment, preprimary (% gross)",SE.PRE.ENRR,,,,,,,,,,,,,,,26.54887009,,31.0027504,,23.96529007,20.41818047,32.23603,36.537,32.6382,35.75588,40.3565,46.12157,49.78668,54.6697,60.65625,68.55384,76.63795,74.68907,78.66504,76.90275,77.76442,25.07593,24.33475,24.61863,,
Zambia,ZMB,"School enrollment, preprimary (% gross)",SE.PRE.ENRR,,,,,,,,,,,,,,,,,,,,,,,,,,,,,,,,,,,6.46808,6.89052,7.5651,,,
Zimbabwe,ZWE,"School enrollment, preprimary (% gross)",SE.PRE.ENRR,,,,,,,,,,,,,,,,34.96014023,,,60.48554993,,66.85444,,61.44647,67.82708,,,,,,,,,45.81406,46.95562,,,,,,
